,별점,리뷰내용,작성자,작성일자,공감,비공감
0,10,마블 3000만큼 사랑합니다 ,전은호(eunh****),2019.04.24 10:31,23900,674
1,10,Avengers Assemble! ,송(hiuh****),2019.04.24 09:35,15841,445
2,10,I'm Ironman. ,ubola(ubol****),2019.04.24 10:32,15438,477
3,10,관람객아이언맨으로 시작해서 아이언맨으로 끝난다.. ,해피사과(qord****),2019.04.24 11:05,14604,595
4,10,아스가디언즈 오브 갤럭시 벌써부터 기대됨 ㅋㅋㅋㅋ ,마즈(choi****),2019.04.24 10:47,11959,438
5,10,히어로물보고 울줄 누가알겠습니까 ,이만호(manh****),2019.04.24 10:07,10361,305
6,10,인피니티워가 10년을 무너뜨리는 영화라면엔드게임은 10년을 돌아보는 영화입니다 ,메주0228693848(wook****),2019.04.24 12:20,9809,263
7,10,쥐가다살렸음 ㅋㅋㅋㅋ ,에헴(krth****),2019.04.24 15:26,9064,259
8,10,관람객마지막 한타에서 쌌습니다 ,김대훈(eogn****),2019.04.24 10:51,8739,383
9,10,10점 안주는 사람들은 마블에 6에서900까지밖에 애정이 없는거 ... ,tlsg****,2019.04.24 11:50,7661,445
10,10,영화 늦게 볼 수밖에 없는사람들을 생각해서 스포 자제해주세요ㅠㅠㅠ ,한승원(brya****),2019.04.24 09:07,7350,610
11,10,토르 등장씬보다 멋있는 어벤져스 집결씬 ,jjw0****,2019.04.24 10:40,6736,182
12,10,관람객고맙다.나의 20대를 채워줘서 ,pkt(anie****),2019.04.24 10:51,6325,187
13,10,"내 어린시절 11년을 즐겁게 해준 어벤져스 원년 멤버들... 마블 영화 한편 한편이 저의 초중고 시절, 울고 웃었던 추억이 되었어요. 아 눈물날거같애. 그동안 즐거웠고 감사했습니다. ",도망노비(rlad****),2019.04.24 09:41,5848,204
14,10,와 내가 3시간동안 화장실을 안갔어 ;;; ,플레기(azz2****),2019.04.24 09:38,5296,162
15,8,가장 큰 충격은 쿠키영상이 없단거다 ,케사장(kyun****),2019.04.24 10:29,5481,459
16,10,관람객토르의 뱃살은 밸런스를 위해서라는 게 학계의 정설 ,Feel(jp54****),2019.04.24 13:41,4847,147
17,10,관람객뭐 심하게 재미있지는 않고... 한 4번정도만 봐야겠어요... 아이맥스로.. ,Expiration(cras****),2019.04.24 12:29,4870,181
18,10,헤일... 하이드라... ,AlphaHyeon(alph****),2019.04.24 10:42,4573,158
19,10,토르 등장씬은 마블 역대 명장면중 2위로 물러났다 ,민샥(hong****),2019.04.24 13:00,4412,148
20,10,캡틴이 행복하면 그걸로 됐어. ,정순종(jmk8****),2019.04.24 13:53,4206,130
21,10,하일하이드라 ㅋㅋㅋㅋ 650석 사람들 다빵터졌다 ,정모(wjda****),2019.04.24 11:36,3906,185
22,10,"자기밖에 모르던 사람은 모두를 위하고타인밖에 모르던 사람은 자기를 위할 줄 알게되는지금까지의 인생에 복수(avenge)할 줄 아는 사람, 그런 영웅들의 이야기 ",어린버섯(wise****),2019.04.24 21:59,3798,98
23,10,"앞으로 얼마나 더 재미있고 얼마나 더 웅장한 영화들이 나올지 모르겠지만, 2008년 아이언맨1을 시작으로 2019년 어벤져스 앤드게임까지 내 인생의 영화시리즈중 최고의 10년을 선사해준 마블에 감사합니다. 어벤져스 ...",JB(dksw****),2019.04.24 10:41,3423,92
24,10,그래서로키는어디로감? ,김시철(tlcj****),2019.04.24 11:02,3108,128
25,10,진짜 대박이라는말밖에 안나옵니다... ,amazing(mins****),2019.04.24 09:07,3006,186
26,10,마블 어벤져스 만세! 이제 멀티버스의 세계속으로 ,jing****,2019.04.24 12:54,3697,1214
27,10,관람객3시간에 담은 11년 마블의 역사 인정 ,rude****,2019.04.24 10:55,2493,46
28,10,<관람 전 필수사항>모든 마블시네마틱유니버스 보기 아이언맨1 부터... ,이준혁(dlwn****),2019.04.24 10:03,2535,103
29,10,한마디만 할게 스포아니다 화장실 갈타이밍은 도쿄 그때 가라 ,kof3****,2019.04.26 10:33,2458,60
30,10,이 모든게 닥터 스트레인지의 엔드게임이었다는거.. ,이재근(jkle****),2019.04.24 14:39,2446,62
31,10,관람객I'm Iron Man. ,insilio12(ghkj****),2019.04.24 11:16,2482,106
32,10,스포하는 색히들 평생 저주 받아라 ,엘지직관두번(kimt****),2019.04.24 09:32,2559,196
33,10,관람객이 영화 제대로 즐길려면 마블 전작 다 보고 오셔야합니다. ,닭둘기(fnvl****),2019.04.24 12:48,2180,56
34,10,히어로물 뻔하다고 여친때메 이거 안보고 영화 생일봤음 상영관1개였는데 여친 나 단두명 이었음 그 넓은 영화관에진짜 존나진지하게 헤어질까 고민중임 ,하하하하ㅡㅡ(altj****),2019.04.24 16:18,2540,425
35,10,마블을 대표하는 가장 상반된 두 히어로가 맞이하는 가장 서로에 가까운 결말 ,이응이응(djju****),2019.04.24 19:13,2073,40
36,10,하워드 스타크와 하워드 포츠가 만날 때 너무 애잔했다.. ,thislove(two_****),2019.04.25 03:53,2055,33
37,10,자신만을 위해 살아온 아이언맨은 모두를 위해 희생하고 모두를 위해 희생해온 캡틴은 자신을 위해 선택했다 ,악튜러스888(arct****),2019.04.25 18:48,1952,50
38,10,영웅들 한 곳에 모이는 씬에서 지립니다... ,로그인하는놈들디짐(doyo****),2019.04.24 12:09,1918,28
39,10,관람객조조예매하고 못일어났다.. ,나날(lst9****),2019.04.24 12:14,2003,139
40,10,그래서 아스가디언즈 오브 갤럭시는 언제 개봉인가요?ㅋㅋㅋ ,sjh0****,2019.04.24 11:25,1881,44
41,10,엉덩이는 역시 미국 엉덩이! ,Akkkkkkkkkkkkkk(kiss****),2019.04.24 13:19,1835,59
42,10,솔직히 극한직업이랑 이 영화랑 같은 표값인게 말이안됨ㅋㅋ ,Mylove709(mylo****),2019.04.24 21:10,1868,130
43,10,해리포터 마지막 시리즈 보다 더 해 이 느낌은... ,연홍(yooo****),2019.04.24 10:37,1757,75
44,10,7시 처음 상영영화로 봤어요 그냥 아무말도 안하겠습니다 제가 느낀 감정을 보는 모든분들이 느꼈으면 좋겠어요 일단 보세요 제발ㅠ ,miinaedahhm(miky****),2019.04.24 10:39,1695,92
45,10,인피니티워가 더 낫다. 근데 평생 기억에남게 될 건 엔드게임이다. ,Seonk(keum****),2019.04.24 11:00,1622,130
46,10,관람객아이언맨으로 시작해 아이언맨으로 끝나는 대장정 ,도시여우(city****),2019.04.24 10:49,1471,45
47,10,시간가는줄 모르고 봤지만 액션만 기대하면 절대 안됩니다. 각 캐릭터별로 스토리를 풀다보니 액션보단 드라마영화에 가깝다고 느껴지네요.. 느낌은 예전에 다크나이트를 보고 다크나이트라이즈를 본느낌?? 4가 정말 재밌긴 하...,눈꽃(blea****),2019.04.24 10:41,1731,310
48,10,"3,000 love you ",홍대똘아이(msp5****),2019.04.24 11:14,1277,40
49,10,진짜 마지막에 너무 먹먹햇어요... 마블팬이시라면 꼭 보셔야해요.. ,차박손(rjsd****),2019.04.24 10:15,1261,35
50,10,오랜 친구를 떠나보내는기분..공허하다...좌석에서 일어나자마자 그립다 ,yaku****,2019.04.24 19:55,1246,21
51,10,마블의 시대에 살게 해주셔서 감사합니다 ,가닝(alst****),2019.04.24 11:57,1103,28
52,10,관람객다음 아이언맨은 아이언맨3에나온 꼬마애구나... ,pdga****,2019.04.24 11:30,1106,88
53,10,관람객엔드게임이라는 부제는 누가 붙혔는지는 몰라도 진짜 완벽하다 ,Rot0(roto****),2019.04.24 13:07,1001,23
54,10,아이언맨1부터 본사람들은 알꺼에요 이영화는 그동안 본 모든걸 보상받을 수 있는 영화라는걸 ,tlsg****,2019.04.24 13:29,978,21
55,10,감히 내가 평가 할 수준의 영화가 아니다... 10점도 부족하다 별점 3000만큼 준비해줘요...ㅠㅠ ,egsiduwj(dhek****),2019.04.24 11:21,951,48
56,10,들쥐가 양자역학기계의 버튼을 누를 수 있는 확률 = 세상을 살릴 수 있는 확률 = 1/1400만 크... ,god7****,2019.04.25 00:55,917,23
57,10,관람객쿠키없으니까 기다리지마세요 ,딩동(appl****),2019.04.24 11:29,969,81
58,10,옆에 여자 입틀어막고 보더라 물론 나도 같이막고봄 ,배신왕(terr****),2019.04.24 10:49,908,37
59,10,어벤져스!!! 어셈블 ,이제좀해볼라꼬(daew****),2019.04.24 09:07,867,47
60,10,자기밖에 몰랐던 아이언맨은 대의를 위해 희생했고 대의를 위해서만 힘쓰던 캡틴아메리카는 이제야 자신의 삶을 찾았다. 서로 매우 달랐지만 결국 닮아갔다. ,캐샤(bang****),2019.04.26 16:19,800,24
61,10,전투신 미쳤어요 진짜 영화관에서 다들 소리지르고 난리남 ,로켓(inbu****),2019.04.24 10:11,935,173
62,10,가오갤찍는 토르.. 토르 찍는 캡틴.. 캡틴아메리카 찍는 토니..페어웰 어벤져스 ,싱짱(yard****),2019.04.24 18:33,763,15
63,10,내가 마블영화에 네이버평점 이런거 안남기는데하나 확실한건 내가 마블영화보고 운건 처음이다단전에서 올라오는 그런 눈물 마치 내 11년의 만난 연인과 헤어지는데 동영상으로 옛 추억을 되돌려보는 느낌이랄까 가슴이 진정이 ...,한승민(9tmd****),2019.04.24 14:41,757,30
64,10,관람객완다개좋아3000만큼 ,wkrr****,2019.04.24 13:09,735,26
65,10,관람객???? : hail... hydra... ,2d22412(c1s2****),2019.04.24 12:39,748,40
66,10,마블 팬이라면 보고 기분이묘하실듯 ,공집합(gbh1****),2019.04.24 10:41,730,25
67,10,그로 인해 시작된 이 시작을 그가 마무리 지었다 ,명택환(dal2****),2019.04.24 13:13,720,25
68,10,관람객스톤이 없는 타노스는 약할줄 알았는데 그래도 좀 쎄긴 하더라 세명을 걍 갖고놀아버리네 ,32(love****),2019.04.25 01:54,704,16
69,9,타노스... 빌런 주제에 최후까지 이토록 순교자처럼 거룩하면 어쩌잔 거냐... 아. ㅠㅠ ,매직아워(eilo****),2019.04.24 13:00,723,60
70,10,사실상 아이언맨4엿다 ,내일모래(hich****),2019.04.24 19:35,685,26
71,10,마지막 30분이 진짜 불태웠다....전율이.... ,이윤석(lysj****),2019.04.24 11:12,667,25
72,10,난 아이언맨이다. 이거 한줄로 충분 ,8월8일(jusn****),2019.04.24 10:43,630,25
73,10,너무재미있어서 눈물이난다. ,wltn****,2019.04.24 09:39,617,42
74,10,영화보고 버거킹 갔습니다... ,쑥(chdo****),2019.04.24 13:04,522,29
75,10,관람객3000편만 더 만들어 주세요 ,jsm8****,2019.04.24 13:10,514,22
76,10,관람객대작은 대작이네요...시원섭섭하고 아쉽습니다ㅎㅎ ,지젤(rosy****),2019.04.24 11:15,497,23
77,10,cgv하계 I 열 6 번에 앉았던 새기야 봉지과자랑 맥주가 그렇게 쳐먹고 싶었냐?? 니때메 3번 볼거 5번 본다 ㅡㅡ 영화관에서 봉지과자좀 처먹지마세요 제발……… 죽이고 싶습니다 ,이재택(godo****),2019.04.24 17:36,519,69
78,10,단독 영화였으면 8점이였겠지만 지난 10년의 시리즈의 마무리와  MCU 창립멤버들의 최고의 은퇴식으로는 10점 만점 ,hareyan(rlar****),2019.04.24 13:16,472,25
79,10,2명의 죽음이 인류 절반의 죽음 보다 슬픈 것 같다. . . . ,민달팽이(als-****),2019.04.25 18:45,459,28
80,10,토르한테 그렇게 하다니 ㅜㅠ ,irur****,2019.04.24 13:55,424,10
81,10,스타크...수고햇어 ,워니(guss****),2019.04.24 13:01,428,26
82,10,관람객영화 시작하지마자 인생 최대의 급똥이 찾아왔지만 화장실을 가지 않아도 됐다. 시각과 청각을 제외한 모든 감각이 멎었다고 착각할 정도로 최고의 영화. ,잉잉(xax1****),2019.04.24 10:49,437,41
83,10,관람객그래서 로키는 어케되는데? ,li zhengjie(lanp****),2019.04.24 21:55,417,25
84,10,어벤져스에 댓글 알바가 필요할까? ,크리링(scjk****),2019.04.24 09:15,412,33
85,10,관람객와 상영 시간 한 시간 더 했어도 만족했을 것 같다. ,자몽그레이프(cyan****),2019.04.24 18:04,389,12
86,10,영화 보지도 않고서 본 척 하고 스포 하는 애들 극혐. 보지도 않았는데 왜 자꾸 본 척 스포하는거임 관종인가??; ,손갓(ssh9****),2019.04.24 09:19,416,40
87,10,타노스... 그정도 파워면 행성 하나 잡고 왕노릇이나 하면서 살아도 되는데 굳이 우주의 질서를 위해 싸우겠다며 시간과 돈을 써가며 사람 모으고 스톤 모은... 마지막까지 불한당들과 끝까지 의연하게 싸운 모습을 보면 ...,panz****,2019.04.25 16:22,390,17
88,8,관람객재밌는데 캐붕 너무 심했음 ㅠㅜ 재밌긴 재밌는데 아 햄식이 핫바디는 암묵적인 룰 아니었냐고요.... ,룰루랄라(feli****),2019.04.25 01:44,432,76
89,10,여러분 맥주가 그렇게 위험합니다 ,인천대딩(gurw****),2019.04.24 19:22,365,10
90,10,여러분 베댓이외에는 스포가 가득할것이니 평점은 읽지맙시다 ,열정디앤비(werw****),2019.04.24 09:26,377,22
91,10,닥터 인성을 재조명해야함ㅠㅜ ,유산균(hakd****),2019.04.24 15:02,371,18
92,10,영웅들도 인간이었고 삶이있었다.... ,김민수(msms****),2019.04.25 01:33,352,8
93,10,세상에 스토리가 없다고 한 사람 진심인가? 설마 마블 영화를 처음으로 엔드게임부터 본거 아니겠지??단 한편에 마블의 모든 스토리를 관통했는데???? ,ttwoGom(pion****),2019.04.25 11:11,351,8
94,10,"이 영화를 보시려면 아이언맨123, 캡틴 아메리카 123, 어벤저스 123, 가디언스 오브 갤럭시 12, 토르 123, 캡틴 마블 1, 스파이더맨, 앤트맨 12,팬더,닥터스트래인지등 총 20편을 보셔야 합니다.그래야...",juhy****,2019.04.25 16:57,353,17
95,10,전혀생각지못한놈이 캡틴이 된듯... ,장기태(1989****),2019.04.24 13:22,357,25
96,10,관람객재밌었는데 왜 개인적으론 인피니티 워가 더 재밌는것 같이 느껴질까요? 아무튼 세대교체를 위한 영화 잘 봤습니다. 다음에 나오게 될 어벤져스가 기대되네요. ,eluice(rnjs****),2019.04.24 11:15,656,325
97,10,관람객진짜 소름이 돋음 역대급 전투씬인듯 ,정영석(gkgk****),2019.04.24 13:07,317,12
98,10,방광도 울고 나도 울고... ,낮잠(open****),2019.04.24 15:56,317,13
99,10,지난 11년간 MCU를 사랑해준 팬들에게 마치 선물과도 같은 영화.  손수건 꼭 준비하세요 ㅠㅠ ,alice(viie****),2019.04.24 10:51,326,23
100,10, 3시간 동안 양자터널속에 있었던 기분 ,김춘수(sunn****),2019.04.24 13:54,296,9
101,8,재밌는데..진짜 재밌는데 개인적으로 인피니티 워가 더 소름 돋았음.. ,이승빈(sleh****),2019.04.24 10:38,466,181
102,10,아이언맨 1 편부터 봤던 사람들은 눈물나온다 ,Overmanking(konj****),2019.04.25 06:11,283,10
103,10,꼭 보십시요. 마블 팬이 아니어도 표값은 합니다. ,RobertWhittaker(aorm****),2019.04.24 09:40,295,28
104,10,관람객10대는 해리포였고 20대는 어벤져스였다 ,SJ(cha9****),2019.04.26 21:17,265,7
105,10,하워드 포츠 당신도 분명 좋은 아버지가 되었을 거예요. ,allnight(cute****),2019.04.25 22:29,268,11
106,10,관람객토니....그동안 고생 많았어 이제 불안해하지 말고 편안한 곳에서 맛있는거 먹고 푹 쉬어 ,이도연(anyl****),2019.04.24 13:11,292,42
107,10,관람객아 보고나니 뭔가 가족을 떠나보낸 기분이에요 ,스카이다이빙(into****),2019.04.24 17:26,247,4
108,10,I...am ironman. ,쿠요미(dlck****),2019.04.24 10:39,248,13
109,10,관람객미쳤습니다.. 7시 첫 영화 보고 출근하는데기분 세상 짜릿.. 보면서 두손 꼭 모으고 입을 틀어막았어요ㅠㅠㅠㅠ 어벤져스 짜릿해... ,이자두(saga****),2019.04.24 10:51,253,22
110,10,조조로 보고와서 일하고 있는데 자꾸만  생각나고... 벅차고...  뭉클해진다. 영화가 주는 최상의 행복이 이런 게 아닐까 생각한다. ,아틀라스(tins****),2019.04.24 15:32,239,12
111,10,해리포터를 떠나 보낼 때의 감정 ,uago****,2019.04.24 19:57,234,17
112,10,아침 7시 영화 지금 엔딩 크레딧 올라가는 중.일단 모든 편을 다 보고 오시는 걸 추천. 기존 스포는 스포도 아니었음을 미리 알려드려요.화장실 한 번을 못 갔음.... ,innerglow(ayaa****),2019.04.24 10:07,226,10
113,10,관람객콜라 대량 흡입금지 화장실 갈 시간이 없습니다 ,최진영(cjsq****),2019.04.24 18:05,219,7
114,10,관람객아이언맨의 심장이 따뜻했다는 증거.. ,csw2****,2019.04.24 21:46,209,6
115,10,히드라만세에서 터졌었네요 ,dahe****,2019.04.24 13:11,213,11
116,10,어벤저스의 시작과 끝은 아이언맨이다딱 이생각 밖에 안들었음쿠키영상기다리면서 이생각이 들었음(마블영화 최초로 쿠키영상없음) ,sung****,2019.04.24 13:08,213,14
117,10,나는 아이언맨이다... ,jsoo****,2019.04.24 11:17,211,13
118,10,"""그""로 시작해서 ""그""로 끝났다 ",올해는우리꺼(wjdd****),2019.04.24 17:08,202,13
119,10,가디언즈 오브 갤럭시3  토르 출현 할가능성높음 ,안녕하소(cjh2****),2019.04.24 20:32,198,12
120,10,토니스타크는 아이언맨이 됐고 캡틴 아메리카는 스티브 로저스가 됐다. ,불효자(silb****),2019.04.27 08:05,191,6
121,10,말이 필요없으니 그냥 영화관 가서 보세요. 아 참고로 이번영화는 쿠키영상 없습니다. 대신 크레딧영상 보면 다들 찡 할거에요. ,앨리스(acac****),2019.04.24 11:49,200,17
122,10,관람객온몸에 소름만 한 10번정도 돋은듯.. ,fsfssf(rkdc****),2019.04.24 10:35,191,13
123,9,내가 본 히어로 영화중 현재까진 엔드게임이 최고 였다 ,enough(rdxs****),2019.04.24 11:40,203,25
124,10,관람객대강 예상은했지만 포탈열릴 때 지렸다 ,이뎨(tmdr****),2019.04.26 17:23,183,8
125,10,1/1400만이 쥐가 버튼누를 확률이었놐ㅋㅋㅋ ,gh(leeg****),2019.04.26 13:40,174,7
126,10,2번 보겠습니다  아듀  어벤져스 ,Happy Day(mins****),2019.04.24 09:36,184,18
127,10,'목을 쳤어야지'  '응 목따러 왔다' ,밤고양이(anej****),2019.04.24 13:07,171,7
128,10,3000만큼 사랑해. ,123x****,2019.04.24 10:52,170,7
129,10,"진짜 최고의 영화다. 마블은 천재다 이 말 밖에 안 나온다. 끝나고는 벌써 3시간이나 지나있었다는게 믿기지 않았고, 그저 눈물만 났다. 마블과 11년 동안 행복했습니다. 이 시대를 즐길 수 있게 해주셔서 정말 감사합...",황채민(roka****),2019.04.24 13:29,171,9
130,10,관람객진짜 10년의 시작과 끝을 너무 멋있게 보여줬다어셈블 ,HIM(dlck****),2019.04.24 11:57,170,9
131,10,관람객아이언맨4 잘보고 왔습니다. ,헬루(iwon****),2019.04.24 19:55,173,12
132,10,이제 뭘 기다려야 하나요.. ,잠오는민(sksk****),2019.04.24 16:14,166,6
133,10,역시 걸복동 과는 다르네 캬.ㅎㅎ ,hiph****,2019.04.24 09:18,196,38
134,8,결국 세상을 구한건 쥐 한마리인건가..? ,강상우(sang****),2019.04.24 22:46,173,20
135,10,관람객아이언맨 사가라 해도 과언이 아니다.. ,손영준(ojuo****),2019.04.24 10:40,152,10
136,8,관람객쿠키영상 없으니까 친필싸인 다보면 집가도됨 ,허무맨(poki****),2019.04.24 13:22,157,20
137,10,마블 영화들 전부다 봐야지 하나하니 세세히 이해할 수 있어요.안봐놓고 지루하다 하지마십셩. ,염민똥(rjad****),2019.04.24 13:28,139,7
138,10,마지막 전투씬에서 완다가 염력을 이용해 타노스와 대치할때 전투씬말고 다른걸 보았습니다. ,wudy(dudg****),2019.04.25 15:19,186,64
139,10,이제 무슨 낙으로 사냐. ,kkwa****,2019.04.24 20:29,128,7
140,10,어벤저스 어셈블!!ㄷㄷ ,젠틀에디(lym3****),2019.04.24 10:49,128,8
141,10,관람객11년간의 보상당일 아침에 본 사람들이 승리자다 ,narc****,2019.04.24 13:09,134,14
142,10,"관람객 누군가와 같은 시간 속에 같은 기억을 공유하며 함께 살아간다는 것은 멋진 일이라고 생각합니다.  함께 해서 즐거웠고, 함께해서 영광이었습니다. 고맙습니다. 어벤저스. ",srak****,2019.04.25 07:30,124,5
143,10,i'm iron man으로 시작하고 끝나네ㅠㅠ ,변태대머리(skae****),2019.04.24 13:17,124,7
144,10,관람객토르 너무 좋아 아스가디언 나왔으면 ,다시돌아가야지(cano****),2019.04.25 01:23,121,5
145,10,관람객진짜 재밌었어요 요즘 만족스럽게본 영화가 없었는데 어벤져스는 좋아하는만큼 기대한 그 이상으로 재미있어가지고 행복했어요ㅎㅎ!! ,BlackJin(gurw****),2019.04.24 10:49,124,9
146,10,죽기전에 이런 영화를 또 볼수있을까? 히어로물의 장르적 한계를 엄청나게 확장시켜놓은 어벤져스 시리즈의 대미를 장식하는 최고의 명작. ,장미란에게장미란(gtwa****),2019.04.25 01:24,114,3
147,10,관람객개봉했을때 보고 이해안되는 장면이 많아서 마블시리즈 처음부터 시간순으로 다 보고 다시 보니...완전 감동..명작.. ,sera****,2021.02.19 20:05,114,4
148,10,울었다 너무 웅장해서 두번본다 ,정진(bkbk****),2019.04.24 14:39,115,5
149,10,"Ironman의 iron은 '강철` 이외에도 '끝내다, 해결하다` 의 뜻도 있듯, 토니의 아이언맨은 그저 강철수트를 입은 남자가 아닌, 해결사이자 종결자였다. ",eag(eagl****),2019.04.26 03:13,112,4
150,10,아버지의 치즈버거.. ,MRAZLIM(mraz****),2019.04.24 15:27,115,8
151,10,쿠키영상이 없다는건 이미 알고 있었습니다. 근데도 일어날수가 없었어요. ,kang****,2019.04.25 14:41,110,6
152,10,보는 내내 오오거리고 재밌는대사 소리내서 따라하는 무개념20대 커플덕분에 영화가 더 재밌었네요.  어린애들보다 나대는 커플을 피해야할듯 싶음 ,흙(jyou****),2019.04.24 18:34,117,13
153,10,관람객이 이상의 걸작이 뭐가 있을까 싶을 정도로 모든 것이 완벽한 영화. ,dhgh****,2020.06.18 17:20,112,9
154,10,마지막 싸움에서 지리고 아이언맨은 짠했다 ,솔라문스타(glor****),2019.04.24 15:26,110,8
155,10,지금까지의 모든 마블 영화가 앤드게임의 마지막 순간을 위해 제작되었다는 느낌을 받음 ,주화입마(rkdw****),2019.04.25 18:12,109,8
156,9,관람객마블 팬들을 위한 최고의 선물 ,임수완(tyza****),2021.09.07 11:09,107,7
157,10,와 미친.. 꼭보세요 강추강추!! ,이승민(skdh****),2019.04.24 09:36,117,17
158,10,관람객뭔가 허무해..근데 재밌어 ㅠ ,jinw****,2019.04.24 13:09,104,6
159,10,어벤져스 보러 한국오신다는분ㅋㅋㅋㅋ 일본도 26일 개봉인데 어그로 ㄴㄴ ,Taehwan95(imai****),2019.04.24 09:50,108,13
160,10,스포할 생각도 들지않는 영화를 보고 나온 사람들끼리 그동안의 얘기를 풀고싶어지는 영화네요 10대에 해리포터였다면 제 20대는 어벤져스로 마무리지어지는 그런 영화였어요 영화가 끝나고나서 제 속이 텅빈느낌과 꽉찬느낌 2...,한서정(gjsl****),2019.04.24 16:27,100,6
161,10,관람객마블이 현시점 최고의 제작사인듯 ,황봉알(tjdd****),2019.04.24 21:15,97,5
162,10,관람객닥터 스트레인지 양반 ! 꼴랑 찾아낸 승리하는 미래가 이거였수?  더 찾지 그랬수 .어이 캡틴  .   가정 지키고 싶다는 친구 등 떠밀고 본인은 행복한 미래? ,xion****,2019.04.26 06:16,205,117
163,10,이 영화를 굳이 하나의 독립된 영화로서 평가해야 하나? 2008 아이언맨부터 시작된 마블시네마틱 유니버스의 연계 캐릭터의 서사 액션 전부가 이 엔드게임에 녹여져있다 그리고 11년간 함께해온 어벤져스 원년멤버에 대한 ...,김동환(nanu****),2019.04.26 02:18,92,5
164,10,관람객그냥 안보면 후회함 ㄹㅇ ,스타(ghwl****),2021.11.05 21:35,100,13
165,10,관람객와칸다포에버 채드윅보스만포에버 ,크로니클(zzpo****),2020.08.29 16:55,83,1
166,10,관람객말이 필요없는 최고입니다 ,코스타(hapd****),2021.05.12 20:42,85,3
167,10,쿠키영상은 없습니다. 본편에 쿠키라 할만한 이야기들을 다 풀어내고 완벽한 마침표를 찍습니다. ,perspicacia(hans****),2019.04.24 10:35,89,8
168,10,로다주랑 스칼렛한테 왜이러냐 마블아...로키코인으로 깽판기원갑니다 ,하하하(milb****),2019.04.24 13:15,93,12
169,10,관람객히어로 영화 싫어해서 안보려다가 어쩔수없이 친구에게 반강제로 끌려가서 눈물쏟은 영화 ,생선(wlgk****),2021.01.21 01:20,85,8
170,10,지루하다고 하는 사람들은 마블시리즈를 다 안 본 사람들이 아닐까 싶음. 꼭!!!! 마블유니버스 영화를 다 보고 이거 보세요. 장면 하나하나 다 놓칠 수 없습니다..감동이 다를거에요 ㅠㅠ ,하미니(hami****),2019.04.25 01:22,85,10
171,10,아임 아이언맨. 할때 눈물나옴 ,Dunk(hb12****),2019.04.24 11:45,80,6
172,7,아 진짜 애들 데리고 영화보러 올거면 미리 애들한테 영화관 안에서 어떻게 행동해야 하는지 가르치고 데리고 와라. 주의력결핍인 초딩놈 때문에 짜증나 죽는줄 알았다.  애가 어리면 말도 안해 딱봐도 초등학교 5학년 이상...,태임(s200****),2019.04.25 22:32,92,18
173,10,"재미없다는 사람특징 : 지금까지 마블영화 제대로 안봤음, 그래놓고 지루하다 재미없다 운운, 그 거대한 이야기 이정도면 최고의 마무리 ",이승헌(lemo****),2019.04.25 22:17,94,22
174,10,관람객명작이야 닥터스트레인지가 애들 다시 돌려보낼때 진짜 울뻔 ,정연의(dusd****),2019.04.25 19:53,75,4
175,10,관람객마블영화보면서 울컥한건 처음입니다..꼭 보세요 너무 재밌습니다! ,구한샘(hans****),2019.04.24 12:13,77,6
176,10,관람객말이필요합니까 ,이병욱(bwle****),2020.05.26 22:47,73,3
177,10,이 영화 때문에 SNS를 다 지웠습니다. ,김민수(kim0****),2019.04.24 10:32,82,12
178,10,로키는 어디로 사라졌을까? ,바콩(loyp****),2019.04.27 11:17,70,2
179,10,스포하는 새끼 올해 출근하다 교통사고 당한다 ,빅슈즈몰(choi****),2019.04.24 11:44,147,81
180,10,관람객어벤져스다운 영화였다 ,김주영(rlaw****),2020.06.13 00:38,67,2
181,10,영화다보고 화장실갔는데 영화 내용 엄청 떠들던 분들..;내가 이미 봐서 다행이지 이기적으로 살지 맙시다 ,gksw****,2019.04.24 17:36,75,10
182,8,엔드게임 한 편으로만 보자면 완성도가 떨어지지만 어벤져스 1세대의 마지막으로선 완벽했다. 토니 스티브 행복하길... 나타샤도... ,yehy****,2019.04.24 17:19,108,43
183,10,이십대중반 아가씨때부터 애둘 아줌마까지.나의 청춘에 큰 즐거움이었던 어벤져스 사랑합니다 ,우여니(sids****),2019.04.25 20:01,69,6
184,10,댓글 처음써봐요 어벤져스 3000만큼사랑합니다 하.. 지렸다 ,JM9(a126****),2019.04.24 11:49,69,6
185,9,관람객스포일러가 포함된 감상평입니다. 감상평 보기제목 그대로 엔드 게임. 대단원의 막을 내린다. ,네스타(slne****),2020.05.22 12:39,70,7
186,10,관람객스포를 즈제하겠습니다. 너무 재밋다 정도는 아니지만 좋은 마무리가 아닌가 싶습니다 ,inja****,2019.04.24 11:16,79,16
187,10,관람객할리우드가 보여줄 수 있는 기술의 정점    팝콘무비의 정수                                          그동안 마블을 사랑했던 모든 이에 대한 헌정시 ,snrnskqudtls(fals****),2022.01.09 13:59,65,3
188,10,"누군가는 액션의 분량이 성에 차지않거나 너무 드라마가 많아서 조금 지루할지도 모르겠지만  이 영화는 단순 오락 액션물이 아니고 가상의 유니버스에서 인간 내면의 갈등과 사랑, 선과 악, 웃음,가족애, 동지애를 그리는 ...",bbs7****,2019.04.26 14:53,67,5
189,10,관람객가장 임펙트있는 장면 나는 아이언맨이다 ,방구석날라리(chul****),2019.04.25 06:17,63,3
190,10,관람객이시대에 태어나서 다행이다... ,free****,2019.04.24 13:01,67,7
191,8,다크나이트 라이즈랑 비슷한 느낌. 마블과 SF라는 장르에 대한 오마주와 헌사로 가득하고 깔끔하게 마무리를 지은것은 놀라운 성과이지만 그를 위해서 자연스러움이 많이 희생되었다 ,XRTC(bono****),2019.04.24 13:54,81,21
192,10,관람객고마워요..사랑합니다 마블 ,dong****,2021.01.02 20:15,61,2
193,10,관람객마블 3000만큼 사랑해 ,멍뭉이(nada****),2020.05.09 10:18,61,2
194,10,밤새고  7시15분 첫상영보러왔는데 만석에놀랐고  사들고온 팝콘은  아침부터 보러오신분들께 감히 방해될까봐영화끝날때까지 손도 못대고 버렸지만 이영화를 관람했다는게 감사할뿐이다.영화야 뭐.. 말해뭐하겠어요.  지릴준비...,열심히살자(umen****),2019.04.24 10:34,80,21
195,10,관람객울었다 ㅠ진짜 눈물날만큼 재밌었다 ,ㅡ3ㅡ(sall****),2020.12.20 20:47,58,1
196,10,소름돋는 장면과 눈물이나오는 장면 마지막 배우들의 자필 서명때 나오는 영웅들까지...! 완벽한 영화였습니다 ,T11DH(jinm****),2019.04.24 10:51,67,10
197,10,관람객어벤져스 어셈블!! ,qndu****,2020.05.10 13:43,56,1
198,10,인피니티워가 더 낫다는 의견에는 동의하기 힘드네요 지금까지의 거의 모든 마블 시리즈 영화의 풀리지 않은 떡밥들을 회수하면서 최대한 식상하지 않게 끝맺음을 지었단 점에서 조금 더 좋은 평가를 줄 수 있을것 같습니다 ,npng(kckh****),2019.04.24 19:44,72,18
199,8,미국대장이 날라오는 외국산망치와 번개뚝배기브레이커 잡을땐 개전율과 동시에 지렸다.... ,tmfr****,2019.04.24 11:41,63,10
200,10,관람객역시 재미있었어요 ㅎㅎㅎㅎ ,로미(whkg****),2020.06.28 18:31,55,3
201,10,MCU에서 가장 뿌리깊언던 두 히어로. 지금까지 둘이 다투는 모습을 보며 서로의 이상향이 다르다 생각했지만 실은 누구보다도 서로를 이해하는 사이였다. ,gkgkgkgkgkgkgkgkkg(gbv3****),2019.04.25 22:19,58,6
202,10,어벤져스 11년이라는 대장정의 마침표를 찍는 완벽한 마무리였다.그가 시작한 게임을 그가 끝냈다.액션씬도 마지막인 만큼 진짜 멋있고 웅장했고 스케일도 컷다.아이언맨 캡아 없는 어벤져스 생각도하기싫다ㅠㅠ그리고 타노스 당...,Shind(cys6****),2019.04.25 05:09,55,4
203,10,관람객어벤저스가 마지막이라니 ㅠㅠ여운남네요.. ,융(dbsk****),2019.04.24 19:55,55,4
204,9,관람객재밌긴한데 인피니티워가 더재밌었음 ,이응(pokr****),2019.04.24 11:15,184,133
205,10,관람객정말 재밌는 영화인데 먹먹합니다.. 앞으로 볼 수 없다는 것 때문에요.... ,건시기(bpyu****),2019.04.24 23:53,53,3
206,10,관람객재밌네요 어벤져스 엔드게임 ,멍멍(mild****),2021.09.01 11:35,54,4
207,10,관람객스포는 자제... 많이 울었네요ㅠㅠ ,토깽이(pula****),2019.04.24 14:27,57,7
208,10,관람객어벤져스는 모든게 완벽하다 ,최은영(choi****),2022.01.01 18:54,54,5
209,10,관람객쿠키영상없는데 사람들  안나가고 기대중 ㄷ ㄷ ,원동휘(ohok****),2019.04.24 13:28,59,10
210,10,진정한 영웅은 앤트맨구한 쥐새끼임 ,최프로(trut****),2019.04.25 01:09,52,4
211,10,보기전엔 기대됬지만 보고난후 허전하다 ,Haetpi(tjdg****),2019.04.24 17:34,55,7
212,10,엄복동하과 엔드게임하고 관람료가 같다면서요? ,neon****,2019.04.26 16:25,51,4
213,10,3시간 순삭 ..마지막 전투씬은 제작진들의 혼을 갈아 넣었다.... ,JDH(ekgu****),2019.04.26 01:24,48,2
214,10,제발 재미있었으면한다 ;; 내인생에서 군대가기전 마지막 영화니깐 .. ,압(dlak****),2019.04.24 10:04,59,14
215,10,어벤져스 엔드게임은 영화가 아니다 ,cmhok(cmho****),2019.04.24 21:10,48,5
216,10,이번영화 주인공은 쥐다.. ,송이송이(song****),2019.04.24 15:43,51,8
217,10,"7시 30분 영화보고 바로 쓰는 후기.말잇못...히어로 영화 특유의 액션의 짜릿함은 물론이고,재미,감동,서사 모두를 잡은 완벽한 영화.깔래야 깔 곳이 없습니다. ",워부워부(dndt****),2019.04.24 10:52,54,11
218,10,타노스가 쎄긴 진짜 쎈넘이였음 최강빌런답게. 그렇게 두들겨맞고도 멀쩡히 장갑끼고 나는 필연적인 존재다 이 ㅈㄹ하는거보면 ,지오(lbso****),2019.04.29 12:49,42,0
219,10,관람객3번보고 재개봉으로 또봐도 눈물 펑펑이에요 ,가가갉(qogh****),2020.05.07 17:54,46,4
220,10,내 인생에서 가장 빠른 3시간 이었다. ,형준(smar****),2019.04.26 02:05,45,4
221,10,관람객마블을 보면서 울게 될 줄이야.. 너무 멋있었습니다 ,이윤선(yoon****),2019.04.27 12:14,41,1
222,10,"모든 영웅의 퇴장이 꼭 처절한 전투에서의 장렬한 전사일 필요는 없지 지금의 mcu를 만든 두 주역중 하나에게는 이게 가장 걸맞는 예우, 어울리는 퇴장이었다 ",JH Park(benc****),2019.04.25 21:32,44,4
223,8,정말정말 사랑하는 마블이지만.. 이게 최선인가 띠용하는 장면이 꽤 많았다 마지막인데 토르한테 꼭 그랬어야했어..? ,얌미(cann****),2019.04.27 00:23,48,8
224,8,마블과함께한 내젊은날의 10년.. 마지막 장면 캡틴같구려 ,Jwpapa(wedd****),2019.04.24 15:17,49,9
225,9,아이맥스고 뭐고 다 필요없다 사람들 없는데 가서 봐라  화장실 간다고 들락날락  먹는다고 우걱우걱   뿌시럭 뿌시럭   개짜증남 ,나잡아봐라(inhy****),2019.04.25 10:45,45,6
226,10,아스가디언즈오브갤럭시ㅋㅋㅋ ,DK(ssun****),2019.04.25 03:06,39,1
227,10,모든 장면들이 다 쩔지만 진짜 중간부분에 2012 뉴욕 뽝!!!! 나오고 어벤져스 나오는 장면도 레알 소름....몇년 안된거 같은데 되게 젊어보임ㅠㅠ 엉엉 진짜 나의 10대의 마지막부터 30대까지 함께해줘서 고마워 ...,kiha****,2019.04.27 19:17,40,2
228,10,관람객이시대 최고의 블록버스터.. 만들어주셔서 감사합니다 ,hoon89(yeah****),2022.03.17 09:39,41,5
229,10,말도 못하고 봤음. 히어로물 보면서 눈물 날줄 몰랐다. 액션물이 아니라 한편의 드라마. 펑펑 터지는 거 기대하고 갔다가 먹먹해지고 왔다. ,비야내려라라(gotk****),2019.04.27 04:27,38,3
230,10,2008년 이후 모든 마블 사가와 함께 해왔다면 만점이 응당 과하지 않다. 이제껏 어벤져스만 보면 왜 모이면 솔로무비보다 항상 아쉽나 했지만 처음으로 완전체가 모여 캡틴이 어셈블을 외치기 위해 그동안 숨죽여 왔던 것...,WonderBoy(schm****),2019.04.26 08:07,36,3
231,10,관람객영화 재밌게 잘 봤습니다.감사합니다. ,AlphaSSC(dltm****),2020.10.04 11:44,34,2
232,10,관람객완벽한 결말 이런 영화는 다시 나올 수 없을 만큼 완벽하다 ,U프로디테(leeu****),2019.04.26 05:25,34,2
233,10,딱 이번년도 개봉한 한국영화의 100배쯤 잼있습니다 ,sd54****,2019.04.24 19:36,38,6
234,8,관람객명불허전 입니다  꼭보세요 ,shal****,2020.09.13 21:27,41,9
235,10,관람객어벤져스들 전부 소집됫을때 계속소름;;;; ,프렌독(frie****),2019.06.19 10:31,30,0
236,10,관람객눈물난다 보내시싫다... ,중고양발(dhki****),2019.04.28 22:17,30,0
237,10,토니와 같은 사랑을 나누고 싶은 캡틴이야 말로 영화가 우리에게 전달하고 싶은 말이 아닐까? ,이학승(greg****),2019.04.26 16:52,32,2
238,10,관람객나의 토르를 돌려주세요 ,황보숙(hbs7****),2019.04.27 23:22,33,3
239,10,캡틴 아메리카 ..당당히 제 몫을 해냈다☆ ,bill****,2019.04.24 22:19,33,3
240,8,관람객토를를 왜..? 재미있긴했는데 ,ey08****,2019.04.26 01:54,46,16
241,10,마지막 전투씬은 단연코 인생 최고 3시간동안 버릴 장면이 없다 ,새우(taew****),2019.04.25 02:15,30,1
242,9,관람객잘가요 어벤져스 그동안 고생했어요 ,문기(gye1****),2020.05.01 19:07,31,2
243,10,댓글ㅋㅋㅋ쳐보지도않고 베플되고싶어서 씹 오글거리는 댓글들 써재끼네ㅋㅋ ,블랙탄(blac****),2019.04.24 09:21,67,38
244,10,관람객인피니티워가 시원한 다크판타지류 액션영화엿다면 엔드게임은 10년의 시간을 정리하는 휴먼드라마네 sf를 보고 이만큼 감동을 할수 잇을런지 시리즈물중에 어벤져스를 능가하는 작품은 나오기 힘들듯 어벤져스 어셈블 포에버 ,우리폼(airb****),2020.03.12 15:00,30,2
245,10,존잼탱입니다 꼭보세요 ,ilov****,2019.04.24 10:07,40,12
246,9,관람객잘가요 어벤져스 그동안 고생했어요 ,문기(gye1****),2020.05.01 19:07,29,2
247,10,하루종일 할 수도 있어. ,불량곰탱(jinn****),2019.04.25 06:11,32,5
248,10,정말 이건 명작이다 그러나 토르는... ,첼로인(cell****),2019.04.25 19:43,29,3
249,10,덕분에 핫도그에 마요네즈 뿌려먹어봄 ,우럭매운탕(sona****),2019.04.25 07:06,29,3
250,10,관람객진짜 꼭봐야합니다 평점 3000만큼 주고싶네 ,인생살기힘듬(tmde****),2019.04.25 19:42,30,4
251,10,관람객꼭 봐야 한다. 꼭. 꼭. ,BIAZO(xord****),2019.04.24 10:49,30,4
252,10,관람객3시간이 1시간 같다 진짜 최고였음 근데 토르 꼭 그렇게 묘사해야만 했나ㅠ ,붕붕이(hy2m****),2019.04.29 12:39,26,1
253,10,마블이니까 잘 끝낼거라 예상은 했다만 이렇게 완벽한 피날레라니. 난 과거 여행만 하다 끝나진 않겠지 했는데 역시나 마지막에 모으고 모아놨던걸 그냥 뽜아아앙 터트려 주는데 온몸에 전율이 확 오르고 진짜 내 20대를 책...,Damien(yoos****),2019.04.27 23:14,27,2
254,8,아쉽다 솔직히 아쉬운 점들이 많음 ,랄로(apri****),2019.04.24 15:01,72,47
255,10,관람객재미있다아 ,shal****,2020.05.11 17:30,25,1
256,10,관람객기대함대로. ,박민호(park****),2020.05.14 13:22,26,2
257,10,인류가 볼수있는 가장 화려하고 감동적인 영화 ,청노루(blue****),2019.04.24 19:41,32,8
258,10,"관람객3000만큼 재밌었고 감동, 유머까지 ㅠㅜ3시간이아니라 좀 더 길었으면 하는 마음이 생깁니다♥♥ ",ghkdtmdgml(anad****),2019.04.24 12:27,33,9
259,10,관람객3시간동안 넋놓고 봤다... ,금속문화재(hj92****),2019.04.25 06:11,24,1
260,10,관람객극한직업보다 3000배 재미있음.. ,ipra****,2019.04.26 00:30,26,3
261,10,"mcu 특유의 영상미와 연출, 짜임새가 매우 만족스러웠다.당분간 다른 영화를 보아도 이런 감탄과 감동과 재미는 오지않을것 같다.3시간짜리 영화지만 엔딩 직전에 이제 영화 반절 본건가? 싶을 정도로 3시간의 압박은 없...",apxl****,2019.04.24 16:13,26,3
262,10,좋은 추억을 주어서 고마워요 ,비버(zkqm****),2019.04.24 13:07,27,4
263,10,전투씬 진짜 개소름 ...한번 더 봐야지 ㅋ ,김동하(ehdg****),2019.04.27 23:15,22,0
264,10,역사상 전무후무한 최고의 히어로 영화다 ,이주혁(wnfk****),2019.04.24 19:21,26,4
265,10,관람객웃고 울고 .. 넘모재밌는것 ,Pentacode(rebe****),2019.04.26 02:07,22,1
266,10,당신들의 마지막 전투에 함께하게 되어 영광이였습니다.감사합니다 마블. ,전이안(zizh****),2019.04.25 19:41,23,2
267,10,정말 감동과 대단원의 막... ,에어보이컷(duse****),2019.04.24 10:49,23,2
268,10,관람객마실것사서 영화관 입장하지마세요 방광터집니다 ,jyj1****,2019.04.24 17:55,25,4
269,10,관람객너무 감동적이고 웃기고 아쉬운마음으로 아주 재밌게 봤습니당~~!! ,유한(dbsd****),2019.04.24 21:50,21,1
270,10,관람객역시 마블 대박입니다 후반부 액션 대박이에영 소름돋음 웃음포인트도 있고 재밌어요 ,ㅍㅍ(yeon****),2020.05.01 15:55,22,2
271,10,Avengers Assemble!! ,형성빈(kkh4****),2019.04.25 22:19,22,2
272,10,관람객마블 시리즈 중 가장 인상깊게 본 것 같아요 ,ma1z****,2019.04.24 21:50,22,2
273,10,닥터 스트레인지가 본 경우의수가 쥐가 버튼 밟을 확률임 ,shot(euns****),2019.04.28 18:48,23,3
274,10,관람객어벤져스 너무 그리울거 같아요ㅠㅜ ,이네(inei****),2019.06.19 12:35,19,0
275,10,어벤져스를 볼수있는 시대에 태어남에 감사함을 느낄 수 있는 영화. ,LilWayne(ojst****),2019.04.27 07:39,21,2
276,10,아주 오랜된 친구들을 떠나보는 마음... 3시간은 충분하지 않았다 ,김따뚜(khj1****),2019.04.25 09:49,21,2
277,10,최고의 엔딩 10년을 함께 해 온 팬들을 위한 최고의 작품이라고 생각해요잎으로의 10년도 더 기다려지네요 ,rnal****,2019.04.24 10:49,24,5
278,10,스포하는것들은 손가락을 토르도끼로   절단 하거나타노스 주먹으로 주둥이를  막아버리는 법안이 나왔으면한다 ,지리산작두(20bo****),2019.04.24 14:57,25,6
279,10,지금 다시봐도 그냥 역대급이다 ,건빵(bigs****),2020.03.03 15:27,19,1
280,10,청춘을 함께해줘서 감사합니다 ,rmfb****,2019.04.27 07:32,20,2
281,10,관람객진짜인생영화다  온몸에 전율이 몇번 왔는지 모른다. ,mylo****,2019.04.24 21:50,20,2
282,10,관람객으벤져스! 어셈블.이한마디로 끝 ,센스(kbh6****),2020.05.01 20:13,21,3
283,10,아 너무 좋아여 ㅠㅠ 가슴이 벅차올라여 ,ms2i****,2019.04.24 10:49,21,3
284,9,이 영화 보면서 캡틴마블 활약하는 장면에 캡틴마블 대신 전성기 토르 넣어서 생각해보세요 놀랍도록 자연스럽고 개연성 있고 인피니티 사가를 마무리하는 멋진 전개가 됩니다. 이제 왜 토르가 복수도 못하는 찌질이 돼르가 될...,magi****,2019.05.04 02:45,23,5
285,10,다필요없고 캡아vs타노스 3분이 3시간러닝타임에 꽃이다. 그것만 다시보러 또간다. 가장 현실적인 액션. 캡마?넌 그냥 우주선 파괴용. ,재키찬(bdle****),2019.04.25 09:42,32,14
286,7,엄청 나게 꿀잼은 아니었다그냥 아련한 기분.. 안녕 어벤져스 ,Leuuuny(leuu****),2019.04.24 13:43,58,40
287,10,관람객토니스타크 살려내서 10년 더 나왔으면... ,himz****,2019.06.04 01:33,17,0
288,10,영화끝나고 치즈버거 먹으러가자.... ,미용계에서 부자(qkdt****),2019.04.24 13:08,21,4
289,10,타노스가 귀농을 한 후 덜구운 굽네 고추바사삭이 되엇꼬캡틴아메리카가 알고보니 하이드라인데다가 아스가르드를 차지하게 되엇읍니다. ,밀런(izun****),2019.04.24 12:20,25,8
290,10,엔드게임 자체가 수작이었다기보단 지난 수년간 전세계 팬들을 위해 최고의 영상과 스토리로 SF계의 한 획을 그어준 마블 관계자들 모두에게 고맙다는 이야기를 전하고 싶습니다. 정말 고생 많으셨습니다. 잊지 못할 영화였습...,OnePieceOnly(abg1****),2019.04.29 12:35,16,0
291,10,미국이 아닌 진정한 마블펜들을 위한 선물같은 영화.내 돈주고 보고 뭔가 내가 더 이득 본 느낌.한국영화가 아니라 한국영화제작사가 반드시 보고 배워야하는 영화. ,두부공자(ahwa****),2019.04.27 21:00,17,1
292,10,쥐가 세상을 구했습니다 ,jun(stor****),2019.04.24 23:29,18,2
293,10,정말 재밌었고 11년의 대장정의 끝맺음으로서도 아주 좋았다 제발 스포충들은 스포좀 하지마 명대사도 하지마 그냥 아무것도 하지마 재밌다는 말이면 충분하다 ,드암(whgd****),2019.04.24 10:51,19,3
294,10,관람객완전 러블리했다...ㅜ ,야생소녀(csh9****),2019.04.24 12:16,20,4
295,10,여러모로 당황스럽고 황당했다 ,스트라빈스(jjhe****),2019.04.24 10:37,21,5
296,1,사실 엉성한 구성에 늘어지는 장면들을 너무 많이 넣어놔서 막판 클라이막스까지 가는 길이 꽤나 험난합니다. 다만 마무리는 어찌어찌 지은 것 같네요. 6점 영화. 평점 밸런스 위해 1점 갑니다 ,낄삼(piah****),2019.04.24 16:02,29,13
297,8,몬가아쉽네 너무기댈했나? ,미요미요(a174****),2019.04.24 15:48,43,27
298,10,관람객3시간 짜리 러닝타임을 가진 긴영화 였는데 생각나는건 아엠 아이언맨 밖에없다... ,이정준(godo****),2019.06.21 14:12,15,0
299,10,관람객인생에 손꼽히는 영화입니다 ,햇살담은토끼조림(sirp****),2019.06.19 12:29,15,0
300,10,너무 재밌었지만 마음이 허 하다... ,빨간레스폴기타(asdk****),2019.05.05 20:45,15,0
301,10,4월29일 밤9시 건대입구 CGV 4층 3관 . E열 7.8 자리에 앉은 커플때문에 정말! 다리로 계속 의자건드리고 미치는줄!!! 정말 미치는줄 알았음!!! 어케 둘중에 하나도 안말리고 딱 끼리끼리 만나서 그렇게 기...,Pernilla(kimb****),2019.04.30 09:26,16,1
302,10,어벤져스다모일때 소름! 감동적이고 눈물나네요 ,naca****,2019.04.27 23:15,17,2
303,10,아이언맨으로 시작해서 아이언맨으로 끝나다.정말 최고다. 꼭 보길 바란다. ,하늘초원(kang****),2019.04.25 19:48,19,4
304,10,관람객전율! 카타르시스! 오르가즘! ,Whale(wooj****),2022.04.13 22:25,35,20
305,10,관람객3시간이 짧았던 영화!!마지막이라 너무 아쉽ㅠㅠ ,택신(gksw****),2019.04.30 21:17,14,0
306,10,관람객존잼이에요 스포하고 싶어 미치겟네요 ㅠㅠ 또 보러 갈거예요 ,희(pphu****),2019.04.24 19:33,15,1
307,10,관람객여운이많이남네요. 좋은영화입니다 ,rlar****,2019.04.24 13:08,15,1
308,10,관람객내 안의 마블 유니버스는 이 시점을 기해 완결을 맺었다. 이후의 마블은 더이상 내게 흥미가 일지 않을 것 같다. ,TTXT(wkdx****),2020.04.07 20:03,16,2
309,10,관람객3000만큼 사랑해.. ,채수빈(cotn****),2019.04.24 22:27,16,2
310,10,"봤는데, 진짜 안본사람 위해서 스포하지말아요. ",낮은곳으로(tole****),2019.04.24 13:06,17,3
311,10,관람객즐거웠고 행복했다. 어벤져스 영원하라. ,쑥쑥이(ball****),2019.04.24 10:30,17,3
312,10,???: 헤일 하이드라 ,세려(ilov****),2019.04.24 13:07,19,5
313,5,인피니티 워가 더 재밌다 ,JohntheBaptist(mwjo****),2019.04.24 11:17,96,82
314,10,관람객마블팬이라면 꼭 봐야할 영화 ,창가(mall****),2019.06.19 12:05,13,0
315,9,스포일러가 포함된 감상평입니다. 감상평 보기11년지기 친구와 헤어지는 완벽한 졸업식. 쉴새없이 달려온 마블의 첫 번째 이야기가 장엄하게 막을 내린다. ,영태(inos****),2019.10.12 20:34,14,1
316,10,마블이 10년 동안 바라봐준 마블팬들에게 헌정하는 선물 ,현우(gusd****),2019.04.27 21:14,14,1
317,10,관람객3000이상 사랑해 너무 재밌은 영화 ,qkr(qkrw****),2019.12.04 05:54,15,2
318,10,어벤저스중 최고!! 처음달아보는 평점 ,nice(tand****),2019.04.24 21:52,15,2
319,10,내 생에 가장 짧은 3시간이였다. 3000만큼 재밌어요ㅠㅠ ,nkw9****,2019.04.24 18:34,15,2
320,10,3시간이 넘는 영화인데 중간에 화장실가는 사람 하나도 못봤음.. 모두가 집중해서 봤어요... ,너부리씨(este****),2019.04.24 16:15,15,2
321,8,관람객다시 봐도 좋았어요 다시  영화관에서 볼 수 있음에 감사 ,ming(a1bv****),2020.05.06 20:27,16,3
322,10,하....꼭보세요 돈안아까움 진짜 ,지수(yoon****),2019.04.24 19:21,16,3
323,10,완벽함..그이상을 보여주었다 ,서예찬(tjdp****),2019.04.24 11:57,17,4
324,10,관람객최고더이상 무슨말이 필요할까요 ,Dybala(ghth****),2019.09.14 22:27,12,0
325,10,"관람객엔드게임, 오래 기억될 명작 ",그림자따라걷기(fogn****),2019.08.19 15:15,12,0
326,10,관람객인생영화 2번봐도 안아깝습니다 ,mith****,2019.08.12 21:24,12,0
327,10,"관람객11년 간 즐거웠어요, 토니. ",강스컬(dndr****),2019.07.07 03:07,12,0
328,10,관람객너무 제미가 있었고 마지막 장면은 마음이 짠 ,a451****,2019.05.15 07:39,12,0
329,10,10점도 모자랍니다.. 이대로 보내주기가 너무 아쉽고 슬픕니다.. 마블과 동시대에 태어나 이런 영화를 볼 수 있다는 것은 정말 크나큰 행운 같습니다.. ,유신애(liuh****),2019.04.28 22:24,12,0
330,10,오히려 두번째 볼때 눈물났다..첫번째 볼땐 정말 실감도 안났는데 두번째 볼땐 지난 세월에서의 토니 스타크가 떠올라서..”쉬어도돼” 라는 대사에서 참았던 눈물이 터졌다...아이언맨 3000만큼 사랑합니다 ,qhfl****,2019.05.06 05:29,13,1
331,10,한번보고두번보고 자꾸만 보고싶네 ,죠즈(wns3****),2019.04.25 19:47,14,2
332,9,관람객이전 시리즈들을 안본 상태로 봤지만 재미있었음 ,동주르(hdj5****),2020.05.07 17:01,17,5
333,6,후반부 액션은 좋았는데 초반에 너무 지루하다.기대가 너무 컸네.. ,일장춘몽(asur****),2019.04.26 02:42,55,43
334,10,관람객재밌었어요재밌는데재밌엇어요 ,pny2****,2019.06.19 10:54,11,0
335,9,관람객해피앤딩인지 새드앤딩인지... ,swal****,2019.06.13 14:27,11,0
336,10,관람객나의 어벤져스 나의 아이언맨 잘가요 그동안 정말 고마웠어요ㅜㅜ ,dodo****,2019.06.02 05:19,11,0
337,10,관람객무슨말이필요할까요.. ,ljo8****,2019.05.25 03:26,11,0
338,10,"관람객흠 잡을 데 없는 완벽한 영화는 아니었지만, 흠 잡고 싶지 않을 만큼 감동적인 영화였습니다. ",떡크(elan****),2019.05.19 21:19,11,0
339,10,관람객감동입니다...눈물이 줄줄났어요 ㅠㅠㅠㅠ ,FROM JIHO(from****),2019.05.19 11:08,11,0
340,10,3000만큼 사랑해요~~~~ ,hooc****,2019.04.25 19:48,13,2
341,10,관람객Avengers Assemble! ,j920****,2019.11.10 14:37,14,3
342,8,이거 뭔가 인피니티워가 임팩트가 더 컸는지 인피니티워만큼은 아니라고 생각함... ,박준현(dywl****),2019.04.25 00:26,45,34
343,10,관람객마블 3000만큼 사랑합니다 ,yc91****,2019.06.19 03:09,10,0
344,10,관람객또 보고 싶을 정도로 대작임 ,이하늘(hey_****),2019.06.04 19:01,10,0
345,10,관람객마블과 동시대를 살아가서 너무행복합니다 ,초천재(ha7h****),2019.06.04 02:11,10,0
346,10,관람객3시간이 지루하지 않는 영화였습니다 진짜 잘만들었네요! ,웅기(dndr****),2019.06.03 09:19,10,0
347,10,관람객감동적이였어요~ 다시한번더보고싶네요 ,eorn****,2019.06.02 08:45,10,0
348,10,관람객최고영화입니다 강추 3000맘큼 사랑해 ,귀천도애(cybe****),2019.06.02 08:33,10,0
349,10,관람객최고의 결말 마블을 인정하게 만들었다 ,콥(john****),2019.05.31 14:14,10,0
350,10,관람객마블 3000만큼 사랑합니다 ,걔줄꺼면나줘(bbbb****),2019.05.23 23:31,10,0
351,10,관람객마지막 전투 너무 감동적이고 멋있어서 또 보러간다 ,이름없음(kiwo****),2019.05.22 18:48,10,0
352,10,관람객I'm Ironman. ,ㅋㅋㅋ(lse8****),2019.05.02 22:05,10,0
353,10,관람객히어로들의 재결합 과정들이 너무 인상깊었다. ,카나비(dkju****),2019.11.19 01:06,11,1
354,10,관람객재미도 있고 감동도 있고 많이 슬퍼요 ㅠㅠ ,루시퍼(kluc****),2019.05.19 12:36,11,1
355,10,영화내내 콜라에 팝콘에 오징어까지 처묵고 세번이나 화장실 갔던 내앞에 두자녀를 둔 엄마한테 한마디 하고 싶었다.'그만 좀 처먹어라.그러니까 애들이 싸재끼지' ,러브JM0423(ohyo****),2019.04.29 04:24,11,1
356,10,관람객3시간이 1시간같다 근데 너무 기대해서 아쉽더라 ,저기압고기앞(smy5****),2019.04.24 15:02,11,1
357,10,관람객대에~~~~박너무재미있었습니다 ,봉이구나(wkdw****),2019.11.27 18:22,12,2
358,10,관람객역시 마블이라는 말밖에  나는 아이언맨도 좋지만 캡아가 왤케 좋은지 ㅋㅋ ,빡꾸(hssy****),2019.06.10 14:10,12,2
359,10,관람객너무재밌네요^^ 꼭보세요들 ,hong****,2019.04.24 10:51,13,3
360,8,관람객팬들과 함께 추억의 앨범을 하나하나 넘긴 끝에 전하는 우정 가득한 송사. ,양현우(ksa2****),2019.12.19 17:23,14,4
361,9,관람객어벤져스 마지막 시리즈...아쉽1기 어벤져스 영웅들 정말 사랑합니다. ,나이든게일(dlwn****),2019.07.27 13:47,9,0
362,10,관람객사랑해 ㅠㅠ 마블.. 3000만큼 진짜류 !!!! ,스버미(sktm****),2019.07.22 14:39,9,0
363,8,관람객한국인은 다 아이언맨을 엄청 조아하네 ,찬(chlw****),2019.07.09 16:00,9,0
364,10,관람객이야기의 끝이자 시작 정말 좋았습니다 ,이몸(wnsd****),2019.07.01 15:47,9,0
365,10,관람객3000만큼 사랑합니다 최고 ,리오(jaeg****),2019.06.30 09:39,9,0
366,10,새(smsa****) 니 인생이 노잼 ,SBS(su47****),2019.06.28 17:22,9,0
367,10,관람객어벤져스 어셈블!!! ,설판매용(jiwo****),2019.06.28 14:00,9,0
368,10,관람객러닝타임이 3시간인데 벌써 끝이라느 느낌 아쉬울따름 ,권대승(kqsv****),2019.06.21 12:14,9,0
369,10,관람객가오겔3에토르 나올듯 ,타석(xktj****),2019.06.02 08:25,9,0
370,10,관람객아스가르디언즈오브 갤럭시 기대합니다. ,정한별(kmx2****),2019.05.23 00:54,9,0
371,10,내가 본 마블영화중 최고의영화라생각한다. ,김민재(mjki****),2019.05.06 06:36,9,0
372,10,집결씬에서 지렸다 이건 10점으로 부족해 ,케빈 가넷(dlck****),2019.05.05 23:59,9,0
373,9,스포일러가 포함된 감상평입니다. 감상평 보기전편에서 타노스가 빌런치고는 나름대로 일리있는 사상을 가진 인물로 그려져서 참 씁쓸했던 반면 과거 시간대에서 온 타노스의 경우 어떤 신념과 이상을 가지고 있다해도 결국은 오만하고 독선적인 악당일 뿐이라는 것이 강조돼...,당초망(joyc****),2019.06.09 23:59,10,1
374,10,재미 없다는 분들은 마블영화 안본거 많으신 분일듯 다 보신 분이라면 재미 없을수가 없는데 정말 지금까지 꾸준히 봐 온 마블팬들을 위한 영화였습니다. ,닉네임없어요(wg90****),2019.04.28 22:20,10,1
375,8,앤딩이라 먼가 액션보다 스토리 중심아쉽 ,주기자(mama****),2019.04.30 08:03,14,5
376,7,결말도 깔끔했고 이야기 구성도 좋았는데 이걸 3시간으로 풀어낼 이야기는 아니었음짧은 스토리를 길게 풀어내다보니 살짝 루즈해지는 구간이 3번 정도 있었음3시간짜리 영화중에 지루하지 않았던 영화는 반지의 제왕이랑 해리포...,아이스크림맨(arse****),2019.05.07 19:51,15,6
377,8,관람객마지막이라 아쉬웟지만 충분히 재미있었습니다!! ,sirius(siri****),2019.04.24 15:46,16,7
378,1,"0점은없나?하..솔찍히 5점인데 어벤져스라 7점 주러왔는데 평점과장보고 0점주고싶다. 왜 이러는거임? 사실 스토리 특별한부분 없잖아? 흔한 시간여행에 팀내배신, 마무리 싸움 게다가 히어로 살아났을거라 생각하고 곧 나...",습근평동지만수무강(jhwa****),2019.04.30 12:10,17,8
379,9,캡틴 마블은 억지로 끼원 넣은 듯한 느낌. 이거 빼고는 더할 나위 없는 엔딩 ,yeyehanhan(newh****),2019.04.26 17:12,22,13
380,7,내가 너무 큰 기대를 한탓일까 물론 그동안의 마블 유니버스를 집대성 하기위해 상당히 고민한 흔적이 영화에서 보였는데 개인적으로 좀 과한 부분도 있는듯 했음 그래도 마블팬이라면 찡한 장면도 있고 3시간은 순삭 당했음 ,나락(usp7****),2019.04.24 13:41,44,35
381,6,재미는 있었으나 모든 캐릭터가 붕괴하는 모습에 화가난다 ,오이(jo49****),2019.04.24 14:43,51,42
382,10,진짜 이 영화는 21세기의 마블이라는 장르를 완벽하게 긑내는 최고의 영화입니다. ,yyy(yyyy****),2020.05.08 17:59,8,0
383,9,관람객재밌었어요 역시 어벤져스 ,znzl****,2019.07.27 16:49,8,0
384,8,관람객얼른 다음편들이 계속 나왔으면 좋겠네요 ,고국마(dksq****),2019.07.22 12:54,8,0
385,10,관람객무슨 말이 필요합니까 2019 최고의 영화 입니다 ,윌리엄_대커(dibi****),2019.06.29 17:10,8,0
386,10,관람객재밌어요. 다음 시리즈가 궁금합니다 ,하늘이맘(kysk****),2019.06.27 23:49,8,0
387,9,관람객마블 다 봐야되여 ㅠㅠ 다시다시... ,조웅기입니다(cjrv****),2019.06.19 09:33,8,0
388,10,관람객재밌어요 마지막이라 아쉬웠어요 ,하하(jwon****),2019.06.04 01:59,8,0
389,10,관람객겁나 재미있음. 역시 명불허전. ,사라(medi****),2019.06.04 00:58,8,0
390,9,관람객뭔가 대단원이 끝나는 느낌에 섭섭해용 ,자야자야12(dlrb****),2019.06.04 00:05,8,0
391,10,관람객요근래 보기드분 이시대 최고의 SF 명작이라 봅니다. ,이지보이(jwin****),2019.06.03 11:06,8,0
392,10,관람객잊지 않을거예요 정말 너무 시간 가는줄 모르고 봤네요 ,Hanuri Kim(joo9****),2019.06.03 09:24,8,0
393,10,관람객20편이 넘는 mcu의 잘 찍은 마침표 같다. ,윤준열(yuns****),2019.05.15 15:24,8,0
394,10,관람객역쉬 ! 마블은 영화관에서 봐야 합니당~ ,nunu****,2019.05.15 14:47,8,0
395,10,관람객어벤져스 어셈블. 정말 3000만큼 사랑한다. ,지노링(love****),2019.05.15 12:54,8,0
396,10,관람객이전 시리즈 안봤는데도 꿀잼 ,ryu(ryuh****),2019.05.11 23:59,8,0
397,10,관람객어벤져스 끝이라는게 너무 슬프다 ,ken(saok****),2019.05.04 21:33,8,0
398,10,아이언맨 그는 위대한 히어로였습니다.. ,바둑(dfjj****),2019.04.29 12:36,8,0
399,10,ㅋㅋㅋㅋ 개봉하자마자 본 인생영화인데 엔드게임 개연성 없다는 놈들은 영화 보지 마라 ㅋㅋ영화를 뭘로 보는거냐. 떡밥회수까지 완벽했는데..영화를 뭘로 보면 엔드게임이 개연성이 없다는건데 ,이윤호(tvyu****),2020.05.03 09:36,9,1
400,10,vian ↓↓ 그럼 왜 봐ㅋ ,허원(hw40****),2020.05.02 22:06,9,1
401,10,관람객어벤져스는 끝났고 페미니즘은 이제 시작. ,옹뮤(spon****),2019.06.23 12:15,9,1
402,10,11년 감사했어요 별점 남기고 싶어 리플 답니다 ,jj(miff****),2019.05.17 03:53,9,1
403,9,스포일러가 포함된 감상평입니다. 감상평 보기토니는 하워드의 바람대로 어머니를 닮았다. ,슈퍼공돌이(hiso****),2020.01.13 00:56,10,2
404,10,관람객이 영화는 찐 사랑이다 3000만큼 ,주니준(ragn****),2019.11.25 17:28,10,2
405,10,최고의 결말. 최고의 히어로 영화.내 젊은 시절을 어벤져스와 함께할수있어 행복했다. ,싱숭생숭(rlag****),2019.04.26 02:06,10,2
406,10,정말 감동과 슬픔이 가득한 최고의 영화였습니다. ,우울과몽상(tota****),2019.04.25 19:47,10,2
407,10,10점 만점에 3000점 드릴게요 ,고경범(ghfj****),2019.04.24 15:30,10,2
408,10,참..마블에 마자도 모르는 사람들이 평소 잘 보지도 않다가 엔드게임만 보고 이해도 못하고 재미없다 어쩐다 불평하는 거 보면 참 안타깝다.. 그냥 님들이 동시대 영화의 큰 흐름이자 유행 중 하나를 못탄거고 그래서 못느...,hsgg****,2019.05.06 07:05,11,3
409,9,정말 아는만큼 보이고 재밌습니다! 왠만하면 아이언맨1부터 마블영화를 순서대로 보면 좋아요ㅎ 전작들에서 나왔던 장면들이 깨알같이 오마주되거나 연결되어서 나오는게 많아서 마블팬들에겐 종합선물세트같은 재미를 주지만 잘모르...,Lukee(xpws****),2019.04.27 18:08,11,3
410,9,관람객재밌게 봤습니다옆에 덕후분께서 혼잣말을 중얼거려서 짜증났지만 영화는 재밌네요 ,1927****,2019.04.24 11:55,14,6
411,7,기대를 많이했나보다...좀 초반에 지루.. 스토리 및 인물 개연성이 그닥.. ,냥(gw92****),2019.04.27 23:37,33,25
412,6,너무 지루함(실망)... ,kspa****,2019.04.26 15:21,35,27
413,10,관람객로다주를 마블에서 못본다는게 믿어지지가 않는다. ,dhl9****,2019.09.04 13:54,7,0
414,10,역대 외국영화 관람객수 1위. 평점도 천만명 넘은 외국영화중 1위인데 정작 본인은 재미가 없었다면 본인이 시대에 뒤떨어졌다는 증거임. ,정글의봅직(niga****),2019.08.05 16:50,7,0
415,10,아이언맨4 라고해도 과언이 아님 ,문창중 쪼낙(mozm****),2019.08.05 12:02,7,0
416,10,첫 번째로 봤을 땐 기대하면서 봤는데 두 번째로 봤을 땐 눈물 주륵 주륵 흘렀다 ㅠㅜㅜㅠ 10년동안 정말 고생 많으셨어요 로다주님 ㅠㅜㅜㅜ ,아기 어피치(dk13****),2019.07.22 19:25,7,0
417,10,그 많은 것들을 받았는데 줄것이 별다섯개 밖에 없다는게 미안해지는 영화. ,언더태희커(ppss****),2019.07.22 16:42,7,0
418,10,관람객저희집 수염난 아이가 좋아합니다 ,에레원(blue****),2019.07.21 12:49,7,0
419,10,토니 11년동안 감사했습니다 ,mapi****,2019.06.27 21:10,7,0
420,10,관람객후기 적는게 있는지 몰라서 본지 두달이 지나서 적네요ㅎㅎ 헤어진 그녀와 마지막으로 관람했던 영화 ㅎㅎ 제목처럼 그날이 엔드게임이었어요 ,김광영(oooo****),2019.06.24 00:35,7,0
421,10,관람객Speechless! ,여누(grac****),2019.06.19 16:50,7,0
422,10,관람객영화임을 알면서도 그냥 눈물이 줄줄 흐를줄이야.. ,위국헌신군인본분(jsyz****),2019.06.03 23:10,7,0
423,10,이거보고 초중반에 지루하다는 사람들은 그냥 영알못 인증임 ㅋㅋㅋ나는 후반 전투신보다 초중반 스톤 찾아다니던 에피소드가 더 재밌고 짠하고 감동스러웠다 그냥 지루하다고 하는 사람들은 조용히 나가뒤지십쇼 ,최윤호(yoou****),2019.05.23 09:47,7,0
424,10,관람객평식이형이 7점줬다 그냥보자닥치고 보면됨 ,shsh****,2019.05.22 18:47,7,0
425,10,관람객한 번더 볼 예정입니다. ,잠깐의휴식(wndg****),2019.05.22 18:22,7,0
426,10,관람객굳. 한 번 더 보러 가야 되는데 언제가지... ,jiyo****,2019.05.22 09:34,7,0
427,10,"아이언맨, 토니스타크를 다시 볼 수 있었으면 좋겠다. ",주누(sonc****),2019.05.19 18:18,7,0
428,10,관람객재밌었다.마지막에 눈물이 났다.다시 볼수 없어서... ,소울피버(happ****),2019.05.15 14:57,7,0
429,10,관람객어벤져스를 울면서 보게 되다니 ,딩기(sayc****),2019.05.15 14:51,7,0
430,8,관람객시빌워부터 보기시작해서 이해가 어려웠어요ㅠ 정주행 하고 갈껄..!!! ,소라(sora****),2019.05.15 14:08,7,0
431,10,히어로물은 싫어해도 인생케는 토니 스타크야 ,Song(gusw****),2019.05.13 21:09,7,0
432,10,관람객2회차관람 부모님하고 갔다옴3회차까지 가고싶을정도였지만 아맥자리가 안남보면볼수록 신기한게 2번보면 눈물이 안날줄 알았음근데 눈시울이 붉어지면서 눈물나는건 어떻게 똑같냐..내용을 알고봐도 긴장되는 빅3vs타노스는 그 ...,사람(wkdt****),2019.05.09 18:06,7,0
433,10,관람객3시간을 앉아서 보는데 10살 아들이 전혀 지겨워 하지 않네요 ,haga****,2019.05.08 12:07,7,0
434,10,관람객3000만큼 재밌네요 ,김영수(dudt****),2019.05.06 11:42,7,0
435,10,"관람객엔드게임 보면서 옆사람, 뒷사람들 다 울었음ㅋㅋㅋ 진짜 강추 ",이해나(wwn0****),2019.05.03 21:47,7,0
436,10,역시 아이언맨이 주인공 ,켈포(assa****),2019.04.29 19:34,7,0
437,10,박수칠때 떠나랬지 누가 박수 준비하는데 떠나냐 한편 더내라 ,유맹(audg****),2019.04.29 10:19,7,0
438,10,진짜 마지막에 다 모인장면은 계속봐도 질리지가 않아 ,추멘(park****),2020.04.04 01:09,8,1
439,10,관람객좋아하는 오빠가 마블을 좋아해서요. 그래서 오빠랑 이 영화를 같이 공감하며 보고 싶어서 21편 마블 영화를 다 보고 영화관에 갔어요. 좋아했던 오빠는 이제 내 곁에 없지만 마블은 마음에 크게 남았어요. ,손현녕(sydd****),2019.10.11 20:26,8,1
440,9,관람객다늦어서 봣지만.. 좋다.. ,gkat****,2019.07.22 13:48,8,1
441,10,자신밖에 모르던 아이언맨은 남을 위해 희생하고 평생을 희생하던 캡틴은 자신만의 인생을 살았다 ,김경원(doro****),2019.07.15 20:57,8,1
442,10,관람객영화를 넘어선 예술.지금이라도 3번은 더 볼 수 있을 것 같은 영화임. ,hkh1****,2019.06.03 18:45,8,1
443,9,"스타워즈가 미국의 건국 신화라면, 이 시리즈는 캡틴 아메리카로 미국의 정신과 이상을, 아이언맨으로는 최강의 무력을 가졌음에도 더이상 '위대하지 않은' 지금의 미국을 그려냈다. 영화 자체가 재밌음은 물론...",lstn****,2019.05.07 19:51,8,1
444,10,관람객10년간의 질주에 납득이 가는 마지막 ,정예찬(jyc1****),2019.05.06 07:04,8,1
445,10,관람객오후7시부터 안자고 새벽 알바 갔다가 끝나고 바로 봤는데 한번도 안졸고 끝까지 자리에서 안일어났습니다 ,민성현(ones****),2019.04.24 12:35,8,1
446,10,관람객와.. 말이 필요없다 이런 영화가 두번 다시 나올까싶다 ,osh0115(ohse****),2020.02.10 16:43,9,2
447,7,난 그저 그렇던데 내가 이상한가.. ,아듀라미(csmo****),2019.05.19 21:08,9,2
448,10,이걸10점 안주면 대체 어떤영화를 줘야할까 ,onem****,2019.05.03 21:28,9,2
449,10,내 찬란했던? 10대와 20대 초반의 끝을 함께한 영화. ,박제이와이(love****),2019.04.28 07:09,9,2
450,8,"재밌게봤지만, 이 정도 평점을 받을만한 한시대의 명작은 아닌게 분명하다. ",신숭이(tnqk****),2019.05.18 03:35,10,3
451,10,관람객무슨말이 더필요하냐 킹갓마블짱짱 아옘아연맨 캬 ,흥중(loll****),2019.04.24 10:44,10,3
452,6,이제까지 마블꺼 빠짐없이 잘 보고 기대했는데 솔직히 이번 마지막은 좀 아니었다. 기존의 어벤저스는 히어로의 활극이었지만 이번 영화는 눈물과 감성을 끌어내려구하는 신파이란 느낌.기존 시리즈를 섞구 가족애 끄집어내고 끝...,무정(zaxx****),2019.04.26 02:34,15,8
453,1,"지금이야 mcu뽕에 취해 호평이 가득하지만 몇 년 후에 또 봐도 명작이라 평가될까? 특정 배우의 입김, 페미, 피씨, 허접한 스토리라인, 엉성한 설정등.. 까일게 너무 많은 졸작 ",보헤미안(peni****),2019.09.22 16:45,19,12
454,10,해외에서 자막없이 봅니다.. ,재혁(jjh0****),2019.04.24 09:06,32,25
455,3,전투씬은 멋있었지만 토르 캐붕 뭐냐 진짜 보다 개빡침웃음밖에 안나와 ㅅㅂ ,배고파(kmj0****),2019.04.26 13:55,42,35
456,10,스포일러가 포함된 감상평입니다. 감상평 보기극장에서만 몇번을 본건지 셀수가 없는데 보고 몇번을 운건지는 더 못 세겠다ㅠㅠ개봉한지 1년지나고 아맥으로 또보고 포스터까지 받아왔는데 여전히 보면 설레고 눈물나는 영화ㅜㅜ3000만큼 사랑해 아이언맨 ,노결추(epar****),2020.06.14 15:26,6,0
457,10,마블의 환상적인 피날레 ,wlee****,2020.06.04 07:09,6,0
458,10,마블은 마블이다. ,소소한일상(some****),2020.05.29 11:35,6,0
459,10,인생영화들중 하나. 안본눈 사고싶을정도. ,yusp****,2020.05.24 09:50,6,0
460,10,I am a Ironman마블이여!영원하라!!!! ,정병현(bhje****),2020.05.19 22:40,6,0
461,10,I'm 아이언맨 (명대사) ,현(hyun****),2020.05.17 20:23,6,0
462,10,작살 난다 작살 나 ,똥짜바리주차뿌까(conf****),2020.05.11 05:57,6,0
463,10,어벤저스를3000만큼사랑합니다! ,baek****,2019.08.13 13:22,6,0
464,10,이때까지 어벤저스중에 제일 최고였다... 영화관에서 봤어야했는데 하... ,영웅이(sdh1****),2019.08.13 02:10,6,0
465,10,최고 3시간이 지루하지 않음 ,홍당무친구(dmig****),2019.08.12 20:34,6,0
466,9,10년 후에도 어벤져스를 능가하는 슈퍼히어로물이 나올지 의문이다. ,기억리듬(cowv****),2019.08.03 23:25,6,0
467,10,우리 부모님이 재미있게 봤던 스타워즈가 이런 느낌인가? ,피카츄(feel****),2019.08.03 23:22,6,0
468,10,기생충은 무슨 세계최고의 영환데 ㅠㅠ 비교가 되나 그게 ,정소연(symo****),2019.07.30 22:40,6,0
469,10,어벤져스 어셈블!!! ,bomn****,2019.07.25 21:25,6,0
470,10,어벤져스 엔드게임 어셈블 ,이승현(vr10****),2019.07.22 22:40,6,0
471,10,히어로물보고 울어버렸다. ,최동욱(hjun****),2019.07.22 17:12,6,0
472,10,최고란 말 밖에는 필요없다 ,류희송(gmlt****),2019.07.22 16:44,6,0
473,10,"Avengers Assemble,엔드게임의 시작으로 마블에 빠져버렸어요ㅜㅠ 너무 뒤 늦게 좋아하게됬디만 토니.피터 3000만큼 사랑해요♡ ",김민영(rlaa****),2019.07.21 18:08,6,0
474,10,정말 재미있네요.아이언맨 3000만큼 사랑합니다. Avengers Assemble! I'm ironman.어벤져스 4라 읽고 아이언맨 4로 말한다. ,박지호(bria****),2019.07.21 17:17,6,0
475,10,관람객첨 2시간은 별루 나머지 한시간은 재미 있었어요 ,이순복(lsb7****),2019.07.07 08:54,6,0
476,9,관람객살짝 지루한 감이 있음... ,밤하늘의별처럼(jeen****),2019.07.03 19:05,6,0
477,10,마블 3000만큼 사랑해 ,gns0****,2019.06.30 14:24,6,0
478,10,관람객간만에 재밌게 보건같아요 ,Kuya(hgs0****),2019.06.29 12:03,6,0
479,10,관람객한명한명의 연기가 뛰어났다 ,달콤네버(asio****),2019.06.27 22:27,6,0
480,10,너무재미있어 시간 가는줄 몰랐어요 ,라끌레(acas****),2019.06.27 20:50,6,0
481,10,1000만 넘엇는데 재개봉 안해줄거냐? 삭제장면 7분 포함한거 나도 보고픈데 ... ,휴난랑(sjzj****),2019.06.22 04:00,6,0
482,10,무슨말이 필요 합니까? ,원빈(crow****),2019.06.19 13:39,6,0
483,10,2살 아들이 크면.... 다시봐야지 ,박상호(vin_****),2019.06.19 13:04,6,0
484,10,완벽한 10년의 마무리 ,조규민(jiw2****),2019.06.19 12:44,6,0
485,10,관람객재밌네요. 볼만합니다. ,권장성(kjan****),2019.06.19 09:54,6,0
486,10,"아이언맨, 캡틴 아메리카, 토르가 무너져 갈 때 마지막 최후의 30분 전투 닥터 스트레인지가 모두 소환할 때 소름 돋았다. 잊을 수 없는 명장면!! 앞으로의 어벤져스도 볼 수 있기를.. 기대한다!! ",RedGeranium(ymca****),2019.06.18 15:58,6,0
487,10,관람객엉엉ㅇ엉ㄹ엉ㅇ엉ㅇ엉ㅇ엉ㅇ엉ㅇㅇ ,음음음(wjdt****),2019.06.17 17:00,6,0
488,10,"마블 보다가 운적 두번 욘두 장례식, 토니 장례식 큰 장례식은 다 울었네 ",김수지(suji****),2019.06.17 15:36,6,0
489,10,어디에 쏘는거지 ? 하면서 캡틴마블 ,살살녹아요(nias****),2019.06.04 03:14,6,0
490,10,말이 필요없어 최고야 앞으론 이런 명작 나오기 힘들듯 ,메탈세와 호근혜(msji****),2019.06.04 02:04,6,0
491,10,어벤져스 ㅠㅠㅠ 눈물없이 볼수없다 ,시루떡고양이(odde****),2019.06.04 01:10,6,0
492,10,원년맴버 끝나서 개우울해ㅠ ,연아(qazw****),2019.06.04 01:08,6,0
493,10,시간가는줄도 모르게 넘모 재미있게 봣네욤 ,gkgy****,2019.06.04 00:40,6,0
494,10,2008년부터 지금까지 덕분에 행복했어요.. ,귤맛커피(tayr****),2019.06.03 23:58,6,0
495,10,내가 로건보면서 그렇게 다짐하고 다짐했는데 꼭 그렇게 또 울렸어야만했냐 너희들은 그러면 안됐어 ㅠㅠ ,왕리봉씨(ehdr****),2019.06.03 23:50,6,0
496,10,시간 가는줄 몰랐다. 역시 마블 ,투키(hamh****),2019.06.03 22:23,6,0
497,10,'그' 로부터 시작해서 '그'로 끝났다 ,tkw(tkwh****),2019.06.03 16:39,6,0
498,10,4개월된 아기 때문에 못보겠구나 했는데 아내가 밤에 잘때 혼자 보고오라길래 빨래청소 집안일 싹다해놓고도 막상 갈라니 미안해서 안갈랬는데 괜찮다며 갔다오라면서 보내주던 아내를 뒤로하고 눈물을 흘리면서 집을나온뒤 영화를...,내손동아재(wogu****),2019.06.03 16:26,6,0
499,10,3000만큼 사랑합니다 ,엽잉(sexy****),2019.06.03 13:33,6,0
500,10,그냥 최고다. 내가 늙을 때까지 마블영화계속 보고싶다. ,mel(kmy9****),2019.06.03 09:22,6,0
501,9,관람객이건 봐야해ㅐㅐ진짜루 ,rlad****,2019.06.03 06:55,6,0
502,10,관람객역시 애션씬은 대단함! ,김영혜Kyh(kyhk****),2019.06.02 08:09,6,0
503,10," 개인적으로 토르1에서 오딘이 묠니르에 주문을 걸면서 ""자격있는 자 만이 토르의 힘을 쓸수있다"" 이거랑 어벤져스2에서 캡틴이 묠니르 드는장면이 엔드게임에 큰떡밥으로 갔다는게 재미있었음 ",이상민(yuk0****),2019.05.26 08:55,6,0
504,10,끝판왕 또보고 싶습니다 ,오성민(clar****),2019.05.26 00:32,6,0
505,10,내 인생 최고의 영화입니다 ,세싹이(shb4****),2019.05.25 02:25,6,0
506,10,눈물나는 마블영화는 가오갤2 밖에없다생각했는데.. 눈물이엄청나다...ㅜㅜㅜ엉엉 ,hjkkk(aing****),2019.05.25 00:47,6,0
507,10,아 또 충무로충년들 출동했냐. ㅋㅎㅎ 이 대작이   1800만을 못넘기는 것만으로도 충무로 쓰레기들 다 갈아버릴 명분은 충분함. ,더락(vawu****),2019.05.23 23:56,6,0
508,10,"어벤져스 다보고 나서 느낀게 캡틴 아메리카는 리더 잘하더라, 아이언맨은 천재이면서 말하는게 재밌으면서 스파이더맨 잘 챙기더라, 블랙위도우랑 호크아이 우정이 굳, 결국 어벤져스는 서로한테 가족이었어 가족이 있어도 서로...",버건디(wkdu****),2019.05.23 23:15,6,0
509,10,영화 첫 부분에서 생각치도 못한 장면이 나와서 앞으로 어떻게 이어갈까 궁금했는데 여윽시 마블ㅠㅠ 3시간 순삭이고 내가 히어로물에 울 줄이야ㅠㅠ ,엽떡개땡기네(gusw****),2019.05.23 03:56,6,0
510,10,어벤져스.어셈블!!!!ㅎㅎㅎ ,쟈니94(826j****),2019.05.23 03:10,6,0
511,10,그냥 갓.  어벤져스 시리즈는 그 존재 자체만으로 이미 별 10개임. ,토리(whqu****),2019.05.22 18:34,6,0
512,10,아이언맨1 부터 시작해서 마블팬이 된 한 사람으로서.. 진짜 총집결에서 히어로물 보면서 눈물 흘려보긴 처음이다.. 마블 감사합니다. 나의 20대 중반부터 30대중반을 함께 해줘서... ,miya****,2019.05.22 18:30,6,0
513,10,10년에 걸친 대 서사시의 마지막을 함께해서 행복했습니다. 앞으로의 10년도 기대할게요! ,두부조림(rlaw****),2019.05.22 18:18,6,0
514,10,갑자기 또 보고싶어서 댓남김 ,kmc5****,2019.05.22 07:04,6,0
515,10,토니는 아이언맨으로써 캡틴아메리카처럼 마무리했고 캡틴아메리카는 스티브로서 토니처럼 마무리했다 ,죽은시인(jnar****),2019.05.22 06:55,6,0
516,10,틸다스윈튼 잠깐 나왔지만 존재감 쩔었음 ,masi****,2019.05.21 23:22,6,0
517,10,"엔드게임 보고 빠져서 처음부터 순서대로 보는중.... 알면 알수록 정말 대단한 영화란걸 깨우치게 해준다,, 완벽한 마블...♡ ",유하린(luna****),2019.05.21 22:21,6,0
518,10,국산영화랑은 차원이다른 최고네요 ,oere****,2019.05.20 08:21,6,0
519,10,뭐지 울면서 봤음 ㅜㅜ 나만운거아니겠지 ,bbo(sone****),2019.05.20 01:11,6,0
520,10,어떻게 세 번 째 마저 울 수가 있죠 ,chaj****,2019.05.19 20:35,6,0
521,10,안녕 내 20대의 마지막 추억 ,Ellabella(theb****),2019.05.19 20:34,6,0
522,10,최강 앞으로 다시 없을 영화 ,byx5****,2019.05.19 12:45,6,0
523,10,ㄹㅇ 잘만듬 처음으로 영화관에서 2번 본 영화 ,유하영(yooh****),2019.05.19 01:51,6,0
524,10,타노스 총동원 병력이랑 닥터 스트레인지가 포탈열어서 어벤져스 총 병력 나올때 개쩔어서 쌌다... 단언컨대 내가 봤던 영화중 최고라고 생각한다.. 이때까지 본 어벤져스 영화를 확실하게 끝내는 마지막이자 소수의 희생이 ...,울산Bboy(wjdx****),2019.05.18 23:46,6,0
525,10,하루 종일 볼 수도 있어. ,수사국장(20f0****),2019.05.17 12:22,6,0
526,6,타노스 개얄밉다 ㅋㅋㅋ ,joker(maml****),2019.05.16 22:19,6,0
527,10,관람객감사합니다 너무즐겁게봤어요 ,밥팅(wash****),2019.05.15 15:08,6,0
528,9,관람객다시보자 너무나도 재밋구만! ,박진성(aj1p****),2019.05.15 15:06,6,0
529,10,관람객재밌지요 당연하지요! ,이거(adem****),2019.05.15 15:06,6,0
530,10,관람객크~ 다음 영화가 기다려 져요!!! ,김갈ㅁ(leg8****),2019.05.15 14:36,6,0
531,10,토니스타크 3000만큼 사랑행 ,문수민(mira****),2019.05.15 14:15,6,0
532,10,관람객재밌습니다!!굳굳 완전 강추 ,ghal****,2019.05.15 14:13,6,0
533,10,아이언맨을 더볼수없어서 넘슬프다..그리고 캡틴도 이제 은퇴해서 더더욱 슬프다.ㅠ ,비헥슨(odor****),2019.05.15 11:22,6,0
534,10,캡틴도 한명의 사람이었다. ,친환경살이(dmst****),2019.05.13 21:12,6,0
535,10,치즈버거가 이렇게 슬플건뭐야..ㅠㅠ ,nubolra96(nele****),2019.05.13 21:11,6,0
536,10,2번보니깐 이해잘되고 더재밌었음 ,pring(seul****),2019.05.12 23:22,6,0
537,10,감동적이었습니다. 3번 봤습니다. 또 봐도 좋은 영화라 생각합니다. 힘내세요. 마블 화이팅! ,사이먼(asur****),2019.05.12 23:19,6,0
538,10,전체 등장씬은 역대급 감동 ,잘생긴 박준기(blue****),2019.05.12 15:18,6,0
539,10,1400만분의 1 스토리 ,itel****,2019.05.11 05:38,6,0
540,10,관람객감사합니다 행복했습니다 ,lara****,2019.05.09 20:14,6,0
541,10,마지막 장면에서 엄복동이 자전거타고 타노스에게 돌진하는거 보고 감동먹었어요ㅠ!!!! ,복동이(bars****),2019.05.06 14:17,6,0
542,10,2000만 찍는거 보고싶다 ,trax****,2019.05.05 22:58,6,0
543,10,"아.,..이걸보기위해 내가 아이언맨을 운명적으로접한거구만 ",양말맛사탕(wjda****),2019.05.02 07:37,6,0
544,10,"친구하고 영화보고 나왔는데 친구왈 , ""생각보다 재미없네 내가 너무 기대를 많이 했나봐~ ''  앞으로 이 친구와는 절대 영화 보지 않기로 다짐했습니다. ",chan****,2019.04.29 02:11,6,0
545,10,관람객,lovi****,2022.07.23 17:11,7,1
546,10,"스포일러가 포함된 감상평입니다. 감상평 보기이기적이었던 아이언맨은 마지막에 모두를 위해 희생하고, 이타적이기만 했던 캡틴 아메리카는 마지막에 자신을 위한 삶을 선택했다. 결국 토니 그리고 스티븐은 서로의 충고를 받아들인 채로 결말을 맞이한 셈이다. ",아몰랑ㅋㅋㅎㅋ(psh5****),2020.05.07 15:51,7,1
547,10,완벽한 결말이었다. 정말 ,skkim1108(seou****),2020.04.04 00:43,7,1
548,10,스포일러가 포함된 감상평입니다. 감상평 보기어벤져스 집결하는 장면에서 소름 돋았고 아이언맨이 손가락 튕기는 장면에선 눈물이났던 최고의 마블 영화였다.. ,꼬민스(jms5****),2020.03.22 01:31,7,1
549,8,관람객어벤져스~~영원하라!! ,dlqq****,2019.09.15 11:04,7,1
550,10,마블팬이라면 최고의 영화 ,Clapsh(qwer****),2019.06.03 17:35,7,1
551,10,"We love you 3000, Tony Stark... ",이승주(alma****),2019.05.23 23:52,7,1
552,10,아이언맨이 시작하고 끝냈다. ,오렌지색의터널(cnrr****),2019.05.23 00:34,7,1
553,9,영화 다시 봐야하나봐.... 댓글에 쥐가 뭘 말하는지 기억이 안 나. ㅠㅠㅠ  뭐 대단한 걸 한 모양인데.. ,조주희(opad****),2019.05.15 15:54,7,1
554,8,관람객3000만큼 기대햇고 3000만큼 잼낫는데 토르가 좀더 멋잇엇음 하는 바램... ,까만새(ange****),2019.05.07 22:51,7,1
555,10,엄마들아 애새끼들 조용히 좀 시켜라 애들 떠드는 소리 때문에 집중이안됐다 ,폴유(love****),2019.05.06 15:23,7,1
556,10,2008년 영화관에서 아이언맨 1을 관람한 제 자신이 자랑스럽습니다 ,공돌이(pupp****),2019.12.26 16:36,8,2
557,1,조선놈 털어먹기가 젤로 쉽구나 - 토람푸앤디즈니 ,배심팍(yhs1****),2019.08.13 12:02,31,25
558,8,관람객뭔가 다르다. 전에 영화들은 보고나면 쩐다 이런 느낌이었는데. 이번엔 뭔가 찝찝하네. ,Parkpogi(park****),2019.04.24 13:00,31,25
559,8,관람객초반 너무 지루하던데? ... ,예쓰맨(zzps****),2019.04.27 15:54,37,31
560,8,어벤져스 시리즈의 클라이막스는 '인피니티워'였다. 엔드게임은 그 절정을 넘지 못했다. 다만 언제나 마블은 평타 이상은 친다.Ps. 캡틴마블은 없는 편이 나았다. 꼭 필요한 그는 바쁘다는 이유로 단 두번...,yesm****,2019.04.24 13:17,131,125
561,10,이 시대에 이런 영화들을 만들어줘서 감사합니다. 마블. 덕분에 11년 동안 행복했습니다. ,고투리(jdki****),2020.06.24 21:35,5,0
562,10,오랜만에 봤는데 3시간동안 너무 재밌게 봤다그리고 캡틴 과거로 갔을때랑 아이언맨 죽을때는다시봐도 슬프고 기억에 남네 ,sno1293(osm0****),2020.06.20 21:05,5,0
563,10,본지 오래됐지만 갑자기 생각나서 후기쓴다 난 이 영화를 두번봤다 두번모두 지릴뻔했다. 내 인생 최고의 영화다 ,준영(sigm****),2020.06.11 14:08,5,0
564,10,히어로 영화를 보면서 감동을 느끼다니. 지금까지 달려온 캐릭터와 스토리가 무너지지않고 이 거대한 스토리를 멋지게 마무리 해냈다 ,000(hhh1****),2020.05.28 01:27,5,0
565,10,MCU캐릭터 다 나옴 진짜 최고다 ,jak(jake****),2020.05.24 18:08,5,0
566,10,MCU캐릭터 다 나옴 진짜 최고다 ,jak(jake****),2020.05.24 18:08,5,0
567,10,봐도봐도 감동임 ㅠㅠㅠㅠ ,써니(shin****),2020.05.24 01:57,5,0
568,9,긴 시간 쌓아온 노력에 후한 점수를 줌 ,멜스메(zlwm****),2020.05.20 10:27,5,0
569,10,,wlskrla(jeen****),2020.05.17 20:27,5,0
570,10,연기 영상미 모두 굿이였고 슬펐다 ,ss_(ss_2****),2020.05.17 15:07,5,0
571,10,21세기에  다시는 나올수 없는 최고의 영화 ,모찌아빠(drbo****),2020.05.06 01:38,5,0
572,10,,이민성(alst****),2020.05.03 09:27,5,0
573,10,슬프다.. 긴 여정의 끝맺음과 동시에 볼수없는 영웅들...잊을수 없는 최고의 영화.. ,료샵(ych5****),2020.04.04 17:50,5,0
574,10,엔드게임 겁나 멋지고 재미있당 ,doss****,2020.04.04 11:02,5,0
575,10,바뀌지않을 내 인생 최고의 영화 ,하쁘니(0z0z****),2020.03.31 01:39,5,0
576,10,최후의전투 타노스vs코로나 ,Skskssj(sind****),2020.03.28 02:18,5,0
577,10,세상은 절반을 회복했지만 모건은 세상의 절반을 잃었다...ㅠ ,아임쏘쿨(ldwd****),2020.03.13 07:56,5,0
578,10,말도안되는영화임어떻게사람이만들었는지 ,jshakr(jsha****),2020.02.06 01:37,5,0
579,10,관람객나의 첫 마블이자 마지막 마블 영화. ,poj1****,2019.10.10 22:36,5,0
580,10,관람객아이언맨 그리워요.. ,찬엔드라이브(kych****),2019.09.18 17:19,5,0
581,10,3000만큼 사랑해 ,HHJ(hwan****),2019.09.14 22:17,5,0
582,10,관람객안끝났으면 좋겠다ㅠㅠㅠㅠ ,sungsooahn(sung****),2019.09.12 13:09,5,0
583,10,관람객진짜 엔드게임을 보려고 마블 영화를 모두 다 본 게 아닌가 생각이 드는 정도!! ,시우사마(pace****),2019.09.10 20:00,5,0
584,8,관람객역시 실망시키지않는 어벤져스 시리즈네요 ,마쪼니(dlgu****),2019.08.13 13:51,5,0
585,10,관람객역시 마블 정말 대박 이야 ,김정석(kimj****),2019.07.31 09:16,5,0
586,9,관람객명불허전 어벤져스... 근데 중간에 잠 ㅠ ,gkdltjdwns(gkdl****),2019.07.22 11:15,5,0
587,10,관람객그냥  사랑이야 이건 근데 이제 어벤져스 안하나... ,딱딱이(aajj****),2019.07.21 17:18,5,0
588,10,이영화가 있기에 나의.2019년이 의미있었다 ,jf(jenn****),2019.07.16 22:42,5,0
589,10,관람객타노스 불쌍해...난 타노스편이다 ,오함마(tkdd****),2019.07.09 23:48,5,0
590,10,관람객3시간이 전혀 지루하지않았음 마지막은 아직도 여운이.. ,꽃심(sbmh****),2019.07.07 04:25,5,0
591,10,관람객마지막이라고 생각하니 너무 슬펐어요너무 재미있었어요 ,apro****,2019.07.06 23:09,5,0
592,10,관람객대미를 장식하는 완벽한 마무리 ,찬희(dhfk****),2019.07.01 23:22,5,0
593,9,관람객마블시리즈 엔드게임 이후에도 엔드가 아니기를 ,일민어멈(run_****),2019.07.01 23:06,5,0
594,10,관람객긴 시간이 이렇게 짧게 느껴지기는 처음 ,영(pita****),2019.07.01 18:36,5,0
595,10,관람객마지막 아이언맨 울면서 봤어요..ㅠ ,유상혁(dbtk****),2019.07.01 17:09,5,0
596,10,관람객3시간이 지루하지않네요 ,jung****,2019.06.29 15:35,5,0
597,10,관람객정말 캡틴아메리카는 진리입니다. 감동이 물밀듯 오네요. ,귤맛젤리(synd****),2019.06.27 20:56,5,0
598,10,관람객마지막인게 체감이 안된다 ㅜㅜㅠ... ,mkch****,2019.06.25 23:42,5,0
599,9,관람객재미있게 보았습니다 다음 마블 작품이 기대가 되네요 ,Navas(j2su****),2019.06.25 23:18,5,0
600,10,마블 아이언맨 부터 다 보신 분이라면 추천 합니다~!! 스토리 라인이 아주 그냥~! ,극동마법낮잠결사여름(mynj****),2019.05.22 13:07,5,0
601,10,10대의 추억은 해리포터와 함께20대의 추억은 어벤져스와 함께 ,92kkkk(ksj6****),2019.05.18 12:20,5,0
602,7,어찌어찌 보긴 봤다. 끝나서 다행이다. ,토마토(twot****),2019.05.18 09:04,5,0
603,10,보는 내내 온몸에 전율이 쫙 돋아요 꼭 보세요 ,ys(yuns****),2019.05.15 15:23,5,0
604,10,최고..정말 너무 좋다... ,Gkgkghgh(gkgk****),2019.05.15 15:07,5,0
605,10,11년을 공들여 만든 영화3000시간을 공들여 만든영화 ,최준영(cwd1****),2019.05.15 14:58,5,0
606,10,말이 필요 없는 피날레...그저 빛 ,rohs****,2019.05.15 14:44,5,0
607,10,나의 소중한 추억 11년 ,피셔맨(heal****),2019.05.15 14:20,5,0
608,10,시리즈 처음부터 다시보고 오고 싶어진다 ,히히(gksw****),2019.05.15 14:12,5,0
609,10,Avengers Assemble ,빌리(no22****),2019.05.15 13:47,5,0
610,10,너무 소름돋는 영화 진짜 돈이 하나도 안아깝다 ,fawdawdawd(fnzm****),2019.05.15 13:06,5,0
611,10,너무너무재미있다ㅜㅜ ,leek****,2019.05.15 12:34,5,0
612,10,진짜 역대급 영화임..진짜 보통은 돈아까워서 2번은 영화관말고 다운으로 보는데 엔드게임은 진짜 영화관가서 5번은 봐야함 ㅠㅠ ,카신(cind****),2019.05.10 09:27,5,0
613,10,팬티하나 챙겨가라 마지막 대형전투 씬에 갈아입어야되니까 ,대략난감(qudw****),2019.05.10 05:16,5,0
614,8,드라마 위주라. 두번째보니. 지루했습니다ㅜㅜ인피니티워는 세번 봐도 넘재밌었는데. 액션의 비중을 좀더 늘렸으면하는. 아쉬움이크네요....전 개인적으로 캡틴마블이 이영화를 망친듯한 느낌은 지울수없네요.. ,aozo****,2019.05.09 23:40,5,0
615,10,"마블팬으로서 최고의 최선의 결말이었다고 생각함. 2번봄(2D,4D) 마블 앞으로도 계속 흥하길!^^ ",가을(such****),2019.05.09 18:48,5,0
616,10,영화가 끝나가는 순간 왜 내 젊은 시절이 스쳐지나가면서 눈물이 나는걸까... ㅜㅠ ,토리파파(jjjo****),2019.05.08 00:00,5,0
617,10,잘끝냈다진짜 마지막역대급 전투씬은잊지못할꺼같다. ,그저그래(monk****),2019.05.07 17:56,5,0
618,10,Thank u so much  avengers ,Lebon(vlv7****),2019.05.07 15:39,5,0
619,10,닥터..이 재밌는걸 작년에 봤다고? ,whff****,2019.05.07 02:35,5,0
620,10,"너무 슬펐다. 가장 슬펐던건, 기네스팰트로누나가... 너무, 너무 늙어버렸다는 시간의 슬픔이다. ",미사와(misa****),2019.05.06 02:09,5,0
621,10,"마블 10년의 애정을 보여준 완벽한 영화, 각 캐릭터들의 영화를 보면서 보냈던 장면과 시간을 다시 한번 일깨워주며 단순히 마블 10년이 아니라 우리의 10년을 보여준다. 역대 영화 중 가장 엄청난 전투신과 각 인물들...",노마디즘(ejaq****),2019.05.06 01:55,5,0
622,10,눈물이 난다.. 인생 최고의 영화 ,이스트로(hrtk****),2019.05.06 00:13,5,0
623,10,나의 20대를 행복하게 해줬던 영화의 종지부. ,비상(jcw1****),2019.05.06 00:03,5,0
624,10,수고했어 아이언맨 나타샤 ,저하늘에(tpwn****),2019.05.05 23:38,5,0
625,10,내 나이 서른중반... 울었다 ,쏭(aevi****),2019.05.05 22:59,5,0
626,10,마지막 전투씬에서 블랙팬서가 클린트 이름 부를때도 난 뭉클하더라. 몇일 후 3번째 보러가야 겠다. 엔드게임 재미없다고 하는 사람은 그냥 시대의 흐름에 편중 되지 못한거지. 마블 입덕한 사람들이라면 재미있을 수 밖에 ...,RYUWIN(jjro****),2019.05.05 22:58,5,0
627,10,어벤져어어어얼스! 어쌤블! ,GReaT EScaPe(ssss****),2019.05.05 15:26,5,0
628,10,3000번 보고싶은 영화 ,프로건설정보(gs2p****),2019.05.05 12:27,5,0
629,10,보고 울줄은 몰랐다.... ,상훈이(toma****),2019.05.05 12:23,5,0
630,10,아이언맨 부터 시작해서 어벤져스는 내 인생영화였다 ,웅이(dnql****),2019.05.05 12:18,5,0
631,10,이 돈주고 보기에 양심에 찔리는 영화 ,은스(july****),2019.05.05 04:43,5,0
632,10,앞사람 머리크기가 타노스만해서 자막이 안보임 ,Boo(gari****),2019.05.05 04:06,5,0
633,10,3000만큼 좋아해!!! ,박진현(tiem****),2019.05.04 01:18,5,0
634,10,난 훗날 내 아이에게 어벤져스 세대라고 말할 것이다 ,이유진(ujle****),2019.05.04 00:28,5,0
635,10,내가 이 영화를 위해 지금까지의 마블 영화를 봤구나... ,엘리(zkvp****),2019.05.03 22:41,5,0
636,10,내 인생 최고의 영화 2번봤다 ,네로(kibu****),2019.05.03 21:57,5,0
637,10,이 영화는 한 번으로는 부족하다 삼천번 보자 ,주현(youb****),2019.05.03 21:45,5,0
638,10,말이 필요없다 진심 꼭 봐라 ,방패(junc****),2019.05.03 21:43,5,0
639,10,내 청춘을 함께한 마블.... ,노블레스(blue****),2019.05.03 21:33,5,0
640,10,"마블이 신경써서 만든 스토리를 해치고 싶지 않아서 친구가 부탁해도 스포하는것을 스스로 거부하게 만드는 영화입니다. 마블을 꾸준히 보니 엔드게임에서 나오는 단어, 대사들이 얼마나 소름이 돋아 눈물흘리게 되었습니다. 모...",jyun****,2019.04.29 01:32,5,0
641,9,몇년 동안 모은 퍼즐들이 완성된 느낌ㅠㅠ 10대를 함께 보내줘서 더 감동적이고 멋져보였다... ,SJH(sjhw****),2020.05.31 00:49,6,1
642,10,가슴이 웅장해진다... ,스팀사냥꾼(dlwj****),2020.05.17 14:03,6,1
643,10,액션영화가 이렇게 먹먹할줄이야....최고의 영화였다. ,꾸러기(lalc****),2020.05.07 04:02,6,1
644,10,마블의 서사에 눈물 흘리고 갑니다 하ㅜㅜ 어쩌면 좋죠 너무 완벽해요 ,허은지(eunj****),2020.05.01 23:23,6,1
645,10,관람객엄청 재미 있어요. ,Jin(reds****),2020.04.12 14:32,6,1
646,10,사랑해.어벤져스 ㅜ다시 보고픈 이들. 아이언맨 ,꽃시렁(colo****),2020.04.04 14:57,6,1
647,10,End라는게 너무 아쉽다~ 그만큼 재밌었단 얘기~!!! 이런 시리즈 영화가 또 만들어졌으면 좋겠다~ MARVEL~♥ ,Chic 7(7jk_****),2020.04.03 21:22,6,1
648,10,스포일러가 포함된 감상평입니다. 감상평 보기I LOVE 3000.-Tony Stark- ,io_o****,2020.03.26 19:07,6,1
649,10,"[가장 현실적인 평점] 1~3점:쓰레기 / 4~5점:살면서 모르고 살아도 무방 / 6점:뭔가 나사빠진듯 2% 부족 / 7점:그런데로 평타 / 8점:이정도면 남에게 추천가능한 수작 / 9점:소름, 전율이 느껴지는걸작 ...",김배추씨(baec****),2019.07.31 20:43,6,1
650,10,내가본 영화중 가장 최고다 ,호랭군(qkrx****),2019.06.03 17:40,6,1
651,10,"인생최대의, 최고의, 최강의 클라이맥스 ",장어진(fhrm****),2019.05.23 00:36,6,1
652,10,자기가 재밌으면 재밌는거고 재미없으면 없는거지 왜 주관적인 자기 주장을 일반화시키려해 ,박재균(dorc****),2019.05.14 16:55,6,1
653,8,그냥 그렇네요 사람마다 틀리겠지만 ,entk****,2019.05.14 14:40,6,1
654,10,와 진짜 다들 모일때 너무멋짐 와... ,Cindy(kiwi****),2019.05.13 21:47,6,1
655,8,관람객기대를 너무 많이 했나? ,코알라(het1****),2019.05.08 18:56,6,1
656,7,관람객치즈버거에서 오열했습니다 ,마로(gust****),2019.05.08 18:22,6,1
657,10,2번본 영화.재밌는영화.감동적인영화.슬픈영화.여운이남는영화. ,dew(w789****),2019.05.08 02:29,6,1
658,10,어벤져스 어셈블에서 쌋따.. ,jsjejdbbd(nanw****),2019.05.06 06:54,6,1
659,7,그닥 재밌지도 않고 러닝타임도 길어 지루함. 유머는 좋고 액션이나 스토리는 좀 아쉽고 잘 정리하긴 했지만 등장인물 너무 많아 기억하기도 어렵고 그냥 출연료가 엄청나겠다는 감탄만 나옴. 그래도 엄청난 이야기의 마무리가...,ssbr****,2019.05.05 19:23,6,1
660,10,한국 영화 사상 최초 2천만 관객 돌파해보자 ㅡ 인구 대비 관객수 비율 세계신기록 세워보자 ㅡ 재관람하자 ㅡ 투디로 본 사람들은 쓰리디로 재관람 ㄱㄱ ,2110(hana****),2019.05.04 16:44,6,1
661,10,이젠 쉬어도 돼 수고했어. ,이룽(skru****),2019.04.30 12:20,6,1
662,10,걍존나재밌음  디짐 걍바  마지막부분에서 피터파크가 스토니 한테 안겨서 너무포근해요 할때 눈물 빵터짐 너무슬퍼서 딱세번만더볼꺼임 휴지챙겨가야지이 ,bagg****,2019.04.28 23:19,6,1
663,10,당연히 10점줘야지1010 ,baeh****,2019.04.28 22:20,6,1
664,10,관람객재미있어요! 영화 시간이 엄청 긴데 순식간에 끝나서 아쉬워요ㅠㅠ ,주현(pooh****),2020.02.27 18:45,7,2
665,10,관람객큰딸이랑 아주 재미있게 잘봤어요~ 큰딸이 엄청 재미있섰다고 하네요~ ^^ ,dldl****,2019.11.23 13:04,7,2
666,10,관람객스포일러가 포함된 감상평입니다. 감상평 보기캬 이 뽕맛이지 한번에 확 풀려나오는 뽕맛 ,Thehunters3(theh****),2019.10.20 17:05,7,2
667,5,"몸풀기는 길고, 본론은 아쉽고 ",leeh****,2019.05.18 02:44,7,2
668,10,타노스 군대 몰려올때 갑자기 닥터스트레인지 나오고 모든 어벤져스가 모였을때 너무 감동받아서 울었어요 .. 어벤져스 포에버 !!!! ,강아지(kcd1****),2019.05.12 17:17,7,2
669,10,2008 아이언맨1 부터 20여개 영화를 다 보고 이걸 봐야만 초중반 드라마를 지루함없이 눈물흘리며 감상 가능하고 후반에는 온몸 전기가 흐르는 느낌을 받을 수 있음. 절대로 이걸 먼저보지 말것. 영화본지 3일 지났는...,pss8****,2019.04.29 12:36,7,2
670,10,3시간이 아깝지 않고 재밌으면서 슬펐다ㅠㅠㅠ 최고의 영화다 떠나보내야한다는게 아쉽다...ㅠㅠㅠ ,Aust효(vlrm****),2019.04.28 22:20,7,2
671,8,스포일러가 포함된 감상평입니다. 감상평 보기한숨만 나오는 엑스맨의 마무리에 비하면 훌륭한 어벤져스의 마무리. 박수칠 때 떠나는 아이언맨과 캡틴 아메리카. 전편에서 세상 강력한 빌런이었던 타노스의 포스 떨어진 모습은 아쉬움 ,판타스틱싱어(coco****),2019.12.09 06:25,8,3
672,10,관람객대단원의 막ㅂㄷㅂㄷ 이전작들을 몇번씩 본 입장에서 정말 감동적이었고 여운이 남음. 근데 이전작들을 안본사람은 스토리 이해가 하나도 안될듯 ,KoRanHee(kwkw****),2019.11.02 23:47,8,3
673,10,관람객스포일러가 포함된 감상평입니다. 감상평 보기와! 어벤져스 : 아이언맨 편 소름돋게 잘봤습니다 ,kakaru(sin8****),2019.10.09 21:29,8,3
674,2,솔찍하자 이번편은 쫌 점수주기 그렇다 ,강대혁(oioo****),2019.05.03 00:14,8,3
675,6,이상하네.. 나만 지루했나?  ㅜㅜ ,4UNI(colj****),2019.05.02 23:15,8,3
676,6,난 살짝 지루하던데...인피니티가 좀더 잼남 ,시로(gost****),2019.05.02 22:08,8,3
677,1,그저 그래요 겉만번지르 한거 좋아하는사람은 좋아할듯 ,lwh9****,2019.04.25 09:40,8,3
678,10,스포하지마라...모두를 실망시킨다. ,milg****,2019.04.24 11:41,8,3
679,4, 진심 이번 엔드게임은 어벤져스중 제일 망작이다  딱 5점쯤 되는거 같다  그런데 뭔가 평점 높고 뭔가 대세가 잼있다 잼있다니까 자기 생각없이 다 잼있다 한다 ,dltj****,2019.05.05 01:59,10,5
680,1,인생 최고의 영화입니다. 평점 1점 이하로 주는 인간들은 죄다 마블이 뭔지도 모르거나 영화 보는 눈이 없는 바보들입니다.^^ ,도시늘보(indi****),2019.05.02 21:31,10,5
681,1,평점 왜이래??별룬데 너무 억지 스럽다!! ,성도eng(skcb****),2019.04.28 13:40,10,5
682,2,대박 재미없고 대박지루함 ,하루하루(azzu****),2019.05.02 22:58,13,8
683,1,아이언맨과 캡아가 활약해야 되므로 토르는 의지박약 돼지가 되고 헐크도 건물에 깔려만 있고. 그리고 왜 캐 지루하고 뻔한소리 길게 하냐. 차라리 전투씬 30분만 보고 극장나오는 편이 나았다. ,그러니(mcla****),2019.04.30 02:15,13,8
684,8,재밌게 봤다만 역시 다크나이트는 못이김 ,부자되자(shxo****),2019.04.25 03:53,13,8
685,1,진짜 허무하다. 1편 대작 만들어놓고 마무리를 저딴식으로 하는게 어딧냐 진짜. 심형래가 감독했어도 저렇게는 안했겠다. 정말 참담한 심정 ㅜㅜ . 안본 눈 사고 싶다. 차라리 안봤음 기대라도 하지 ,satu****,2019.04.25 00:36,13,8
686,2,"기대를 너무 많이해서인지 좀 실망했어요..  사실 스토리상 그간의 역사를 총 완결짓는다는점 때문에 대단해 보이는데, 사실 결국 타임머신타고 해결하는 부분이 좀 유치하고  특별히 다른 히어로물보다 이~~~야 특별나게 ...",백마(tkwk****),2019.05.05 04:02,14,9
687,1,평점 왜이리 높냐? 8점이 적당. 뭐 대단한 것도 없더만. 질질짜내는 영화는 일본영화에서 많이 보지 않음? ,비둘기(twel****),2019.05.03 15:20,14,9
688,1,국뽕이 아니라 마뽕인듯 ,Djdndjksk(tjsw****),2019.04.30 03:36,14,9
689,2,지루해서 죽는줄 알았음이거 너무함이야기를 정리하려다보니재미가 확 줄어듦 ,주시현(s1s1****),2019.05.12 19:15,15,10
690,2,생각보단 별루 중간 이상까진 지루 ,냥냥이의 세상(spac****),2019.05.05 02:29,15,10
691,1,그냥 미드 몇 편 연달아 보고 온 것 같다... ,jin(dhlk****),2019.04.24 12:23,16,11
692,1,마블세계관 모르거나 마블팬 아닌 사람들 보지마세요 보다가 잔거 처음임 ,놀이공원(scot****),2019.04.24 11:25,18,13
693,8,관람객타노스가 아주 약간 허무하게 죽은듯 그게 넘 아쉽네요 ,이원준(1119****),2019.04.27 08:56,19,14
694,1,번역가 박지훈. 절대 안바꾸는 마블과 디즈니 ,코큰형님(illu****),2019.04.25 13:47,30,25
695,2,솔직히 실망인 사람 나뿐인가? ,손대권(son9****),2019.04.29 08:16,38,33
696,10,마지막에 I am ironman 할때 개멋있는데 울컥..ㅠ ,진희원(jin2****),2020.06.07 15:50,4,0
697,10,3시간을 하얗게 불태웠어... ,aaaa(wlsd****),2020.05.24 17:46,4,0
698,10,말이 필요없다 정말 왜 안봐 ,장유진(jyj6****),2020.05.24 15:09,4,0
699,10,스포일러가 포함된 감상평입니다. 감상평 보기오랜만에 다시 봤는데 아이언맨 너무 보고싶다 ,미야옹(llel****),2020.05.23 22:42,4,0
700,10,,MJ(riou****),2020.05.19 12:20,4,0
701,10,,이우찬(125s****),2020.05.18 01:44,4,0
702,9,,cand****,2020.05.17 21:32,4,0
703,9,,cand****,2020.05.17 21:32,4,0
704,10,넘 재밌댜...히이힣ㅎ ,꽃게(9603****),2020.05.13 21:36,4,0
705,10,넘 재밌댜...히이힣ㅎ ,꽃게(9603****),2020.05.13 21:36,4,0
706,10,,kima****,2020.05.13 16:49,4,0
707,10,너무 재미있게 봤어요! ,결이결이강한결이(kang****),2020.05.13 10:06,4,0
708,10,너무 재미있게 봤어요! ,결이결이강한결이(kang****),2020.05.13 10:06,4,0
709,10,아 너무좋아요 다시보는중 ,힘이되는(cong****),2020.05.11 03:32,4,0
710,10,토니... 사랑합니다 ,Jinsory(jins****),2020.05.11 02:48,4,0
711,10,,bome****,2020.05.11 02:20,4,0
712,10,재밋었습니다 아이언맨짱 ,gwywu(dlfr****),2020.05.11 01:31,4,0
713,10,그냥 생각나서 와봤다..마블 시네마틱이 있는 시대에 살고 있다는게 다행이다 ,웅이(yssp****),2020.05.09 20:37,4,0
714,10,완벽 그 자체 사랑해요 마블 ,Hello(wjdd****),2020.05.09 18:19,4,0
715,10,역시 어벤져스! ,Joy(joy0****),2020.05.09 09:55,4,0
716,10,,이승오(wann****),2020.05.02 20:46,4,0
717,10,마블에 역대급 영화 ,최복순(kmar****),2020.05.02 16:35,4,0
718,10,thanks to marvel cinematic universe! ,sam(samu****),2020.05.02 11:29,4,0
719,10,스포일러가 포함된 감상평입니다. 감상평 보기AVENGERS ASSEMBLE ,kim(kimh****),2020.04.30 23:18,4,0
720,8,"스포일러가 포함된 감상평입니다. 감상평 보기히어로가 넘쳐나는 시장에서 팬들의 충성도를 높이고, 새롭게 유입될 관객들까지 놓치지 않으려는 마블의 그물망은 이번에도 촘촘하다. 10년 동안 활약한 캐릭터들의 퇴장과 더불어 새롭게 MCU의 주축이 될 캐릭터의 총공격...",초록마녀(hanh****),2020.04.26 18:00,4,0
721,10,영화는 이제 어벤져스 전후로 나뉜다. ,bluemoon(etro****),2020.04.12 13:39,4,0
722,10,스포일러가 포함된 감상평입니다. 감상평 보기이제야 봤습니다호불호가 갈린다고 듣고 영화 시간이 길다했는데..짧게 좀 하시지 계속 눈물이..감동부분에 눈물이나서집에서 창피하게.. ,chan****,2020.04.04 23:36,4,0
723,9,스포일러가 포함된 감상평입니다. 감상평 보기와... 12년간 이어져온 인피니티 사가의 끝을 맺는 멋진 영화다... 솔직히 아이언맨 죽는거 보고 안우는사람 없을거임 ,정씨(ghos****),2020.03.30 15:20,4,0
724,10,솔직히 기대 이하였다 기대치를 채웠으면 11점 줬을텐데 못채웠으니 10점 주마 ,빙다리핫바지(cidd****),2020.03.08 09:04,4,0
725,10,이런영화를 둘이서2만원대에 볼수있다면 돈 엄청굳는거아니냐? ,carpediem(klov****),2020.03.01 00:47,4,0
726,8,인피니티워를 3부작으로 했으면 좋았을텐데 재미있게 봤지만 스토리나 개연성에서 아쉬운 부분은 어쩔수없네 ,askdke1235(dltm****),2020.02.09 02:28,4,0
727,10,끝나길 기다렸는데 막상 보니 끝나질 않길 바랐나봄..그립다ㅜㅜ 영원한 슈퍼 히어로 일 줄 알았는데. 어디선가 잘 살고 있을거 같은데 이젠 끝이라는걸 아니까 너무 아쉬움.  처음 아이언맨1을 보고 나한텐 문화충격 그 ...,꿀바밤바(lyt1****),2019.10.30 01:48,4,0
728,10,관람객인생영화 말그대로 엔드게임 ,삘리리야(taxi****),2019.10.13 22:03,4,0
729,9,관람객최근 본 영화중에 몰입도나 흥미도가 가장 높았던 영홛... ,siba****,2019.10.12 20:51,4,0
730,6,어벤져스 어셈블이라는 한마디를 위해서 시리즈 전편을 다 봐도 좋다. ,6점만점(ssr9****),2019.10.07 21:48,4,0
731,8,관람객MCU 팬들은 꼭 봐야하는 영화 ,cookie(cyu1****),2019.10.06 23:13,4,0
732,10,관람객아주 재밌게 봤습니다 3000만큼 재밌음 ,몰라시댕아(lxll****),2019.10.04 18:20,4,0
733,10,관람객시리즈를 다봐야재밌는거군요처음보니 전 뭐가 뭔지 하나도 모르겠더라구요 ,지아(alla****),2019.10.02 20:59,4,0
734,10,관람객영상미가 뛰어나고 탄탄한 스토리로 감동적이였음 ,sh(akal****),2019.10.02 19:03,4,0
735,10,관람객잼있네요 잼있네요.. ,비밀이얌(seoj****),2019.10.02 19:01,4,0
736,10,관람객재밌음 ,alcuin(alcu****),2019.10.02 15:23,4,0
737,10,관람객토니가 죽었을떄 내 심장도 같이 죽었다 ,rt05****,2019.09.18 17:21,4,0
738,10,마블 영화의 최고의 정점! 최고의 명대사는  i am iron man !~ ,강태일(gsh2****),2019.09.15 10:08,4,0
739,10,관람객역시 갓벤져스...끝나지 말아요...ㅠㅠ ,dlau****,2019.09.15 00:38,4,0
740,8,관람객어벤져스 시리즈 중 가장 화려한 액션이 제일 볼만 하고 스토리 자체는 전편과 비슷함 ,주인의맘(ha01****),2019.09.14 22:54,4,0
741,10,"반가운 얼굴들이 나올때마다 눈물 왈칵 ㅠㅠ 토르 엄마, 로키, 가모라, 하워드 스타크 등.. 영웅들한테 이렇게 감정 이입이 될줄이야 ",julie(silv****),2019.09.12 04:10,4,0
742,10,관람객전설의 대장식은 언제나 감동 ,ArtTrader(smil****),2019.09.10 19:05,4,0
743,10,관람객엔드게임 진짜 믿고보는 핵 존잼이었다 ,kch2****,2019.09.08 22:12,4,0
744,10,3000점 주고 싶은데 왜 10점 밖에 없어.. ,피터(happ****),2019.09.08 19:34,4,0
745,10,왜이제서야밧을까.지금이라도바서다행이다 진짜재미있음 ,이수정(qldl****),2019.09.06 00:29,4,0
746,10,"와 진짜 보면서 5번은 울었다 내가 어릴때부터 좋아하던 영웅이 죽었다는게 이제서야 느껴지네 지금까지 수고했어 캡틴,아이언맨,블랙위도우 ",프로똘끼남2018(kimt****),2019.09.01 00:09,4,0
747,10,관람객재밌어요~ 꼭봐야합니당 ,박해인(h213****),2019.08.30 23:46,4,0
748,10,디즈니는 미쳤다. 올해 10억불 달성작 몇개냐 대체 ,조범준(bjc1****),2019.08.26 05:21,4,0
749,10,마블 어벤져스 이름값 했네요. ,Bruce Lee(tesl****),2019.08.25 14:28,4,0
750,10,자  이제 다시 시작.  처음 어벤져스부터 본다. ,풀향기가드칸(yijg****),2019.08.18 21:42,4,0
751,10,"관람객보고 또 봐도 넘 감동적ㅠㅠ아이맥스, 4d로 다시 더 보고싶다ㅠㅜㅠ 재개봉 기원 ",한글이언니(inna****),2019.08.18 20:04,4,0
752,10,관람객진짜 너무 재밌게봤어요ㅠㅠ. 또보고픔ㅜ ,심장(wpff****),2019.08.18 19:49,4,0
753,10,겁나 재밌음 아쉬운 장면도 많았고 슬픈 장면도많았지만 정말 재밌음 ,beac****,2019.08.13 11:16,4,0
754,10,관람객굿... 잼있습니다. ,Slender(jnog****),2019.08.13 01:08,4,0
755,10,관람객영화를 세번봤네요.^^스타크여 영원하라!! ,슬기맘(ojj1****),2019.08.12 23:10,4,0
756,10,I  love marvel 3000 ,이준영(wnsd****),2019.08.12 21:02,4,0
757,10,믿고본다.다음에도 재미있게 만들어주쇼 ,넌내게목욕값을줬어(bh75****),2019.08.12 19:21,4,0
758,10,진짜 제 인생 영화 입니다 ,장은상(hans****),2019.08.12 19:04,4,0
759,10,오랜 시간 내 청춘과 함께한 시리즈가 이렇게 모두 막을 내린다는 것이 너무나 슬펐다.. ,니키맥스(popo****),2019.08.12 09:28,4,0
760,10,어벤져스와 함께한 10년 행복했어요~학교다니며 처음보기 시작해서 취업하고 결혼하고 애도 낳고 세월빠르네요.. ,룰루(ruri****),2019.08.06 23:27,4,0
761,8,웅장하고 아름다운 마무리. 최고다. ,신과나눈이야기(sawa****),2019.08.06 19:32,4,0
762,10,내 유년 생활과 지금까지 함께한 유일한 영화. 영원하리라 ,낭만다람쥐(anou****),2019.08.04 23:36,4,0
763,10,마블 assemble ,이태연(taey****),2019.08.04 23:34,4,0
764,10,자신있게 말할수 있다.내 최대의 명작 ,펑키(unin****),2019.08.04 20:58,4,0
765,10,고맙다~마블 시대에 태어나게 해줘서~ ,MEME(mj79****),2019.08.04 11:07,4,0
766,9,전투신같은 볼 거리보다도 각 히어로들의 소중한 사람들과의 짧은 재회가 가장 인상깊었습니다. 이 영화가 와닿는 이유가 히어로들이 우리 일반인 같이 사랑하는 사람들이 있고 그것들을 구하고 지키기위해서 투쟁했기 때문입니다...,Lonely(rlaw****),2019.08.04 01:05,4,0
767,9,이영화가 미국에서 일어난 실화였다니 ㄷㄷ 무서운 양키놈들 나도 헐크랑 셀카찍어야징 ,Skid(cree****),2019.08.03 22:43,4,0
768,10,평생 기억하게 될 영화이다 ,rine****,2019.08.01 22:35,4,0
769,10,"꽉찬 3시간,,시간이 아깝지않음 ",사월(eszz****),2019.08.01 21:43,4,0
770,10,평론가 평점 없애자.. 개소리로밖에 안보이네.. ,지니(akdl****),2019.08.01 09:55,4,0
771,10,이런 세기의 명작에 유치하거나 지루하다면서 전작도 안봐놓고 별점테러하는 놈들은 뇌없는거 인증하는 꼴 밖에 안됨ㅋㅋㅋ ,twnj****,2019.08.01 03:02,4,0
772,10,어셈블에서 안쌀수가 없다 ,개악당(kasa****),2019.07.31 20:09,4,0
773,10,관람객네번 봤는데 볼때마다 울었음.... 어벤져스!! ,슬러(sina****),2019.07.31 19:23,4,0
774,8,관람객너무 재미있어서 눈물이난다 ,기사회생(foto****),2019.07.31 14:16,4,0
775,10,내 인생 최고의 히어로무비.. ,watermiz(cats****),2019.07.31 13:48,4,0
776,10,관람객3000만큼 사랑해 토니.. ,속초으녀니(tmfg****),2019.07.31 13:24,4,0
777,10,관람객마블의 한 페이즈를 끝내기에 완벽한 영화 ,김연경(mozz****),2019.07.31 09:33,4,0
778,10,어벤져스 어셈블!!! ,wpsl****,2019.07.31 00:25,4,0
779,10,기생충보다 난 이게더 작품성이 있어보인다 ,사랑니(kkh5****),2019.07.30 22:31,4,0
780,10,몇번봐도 너무 슬픈건 어쩔수없는듯 ,김서진(meso****),2019.07.30 21:43,4,0
781,10,ㅂㅅ 박평식 모든 영화가 다 부정적이네?ㅋ지가 무슨 뭐라도 되는줄아나?ㅋㅋㅋㅋ ,암사공고생(gbak****),2019.07.30 04:56,4,0
782,10,어벤져스 어셈블!!! ,bomn****,2019.07.25 21:25,4,0
783,10,넘나 재미있습니다!!!! ,B1(boti****),2019.07.25 12:39,4,0
784,10,관람객3000만큼 재밌습니다. ,Rangpe(xlqb****),2019.07.22 16:32,4,0
785,10,벌써 그리워지는 아이언맨 ㅠㅡㅠ 이제부터 나오는 마블영화에 아이언맨이 없다는게 너무 슬프다 ㅠㅠ ,hanw****,2019.07.21 21:43,4,0
786,10,관람객아이언맨3000만큼 사랑해! ,미녀와야수(gjtt****),2019.07.21 18:54,4,0
787,10,정말재밌었다 기억에남는다 ,큰눈(vivi****),2019.07.21 14:54,4,0
788,10,관람객어벤져스 엔드게임 재미있었습니다. ,소울(kore****),2019.07.21 14:45,4,0
789,10,어벤져스 어셈블!!! ,김재용(ys33****),2019.07.21 14:01,4,0
790,10,여운이 남아요 재밋게 봤어요 ,크리티컬(pit1****),2019.07.21 11:07,4,0
791,10,관람객아~ 역시 믿고 보는 디즈니 !!! ,최하늘(choi****),2019.07.21 09:49,4,0
792,10,관람객재밋엉 Avengers Assemble! ,김혜지(agkh****),2019.07.07 14:44,4,0
793,10,관람객믿고보는 마블. 슬프지만.. ,피그말욘(eheh****),2019.07.07 14:21,4,0
794,10,관람객그야말로 끝장나는 영화 ,Jack O(aqui****),2019.07.07 09:08,4,0
795,10,관람객어벤져스의 끝판왕..포에버어벤져스 ,0202****,2019.07.07 08:21,4,0
796,10,관람객이렇게 슬픈영화라니 ㅠㅠ ,난이몬(sunn****),2019.07.07 03:44,4,0
797,10,"관람객영화 보면서 엄청 울었어요 ㅠㅠㅠㅠ마블 최고의 걸작 ,,, ",찐(jjoa****),2019.07.06 23:18,4,0
798,10,관람객재개봉하면 다시봐야지 ,앱비(daej****),2019.07.06 22:54,4,0
799,10,어벤져스는 띵작 입니다 ㅎㅎ ,Pogba(yaho****),2019.07.02 12:25,4,0
800,10,관람객20대 중반부터 함께 해온 오래된 친구를 보낸 것같았습니다... ,yaho****,2019.07.02 10:36,4,0
801,10,영화관에서 최소 2번은 봐야할 영화. ,10년째첼애우(caca****),2019.07.02 08:26,4,0
802,9,"관람객영화는 정말 좋았지만, 스포를 앞에서 당해서 9점입니다 영화 자체는 11년 동안의 마블을 정리하는 느낌이었고, 좋았습니다 ",승승이(wend****),2019.07.02 08:17,4,0
803,10,관람객ㅠㅠ 너무 슬프고 잼있엇어요 ,seoe****,2019.07.02 06:14,4,0
804,10,관람객인피니티 워보다 감동포인트가 많아서 휴지 한움큼 들고 봤는데 몽땅 축축해졌다는거... 그래도 앞으로 나올 신예들도 기대도 되고! 햄식이는 재계약했다고 하니까 토르는 볼 수 있겠지ㅠ OO 글자 수 제한때문에 내용 다 ...,MK(kmk0****),2019.07.01 23:39,4,0
805,9,관람객정말 이지 너무대박이었습니다. ,elwu****,2019.07.01 22:58,4,0
806,10,말이 필요없다 이시대의 마블의 마지막유산 ,zete****,2019.07.01 22:53,4,0
807,10,관람객LOVE YOU 3000 ,예림이(jip0****),2019.07.01 22:22,4,0
808,10,관람객역시~~마블이네요 재밌어요 ,이은정(ddw0****),2019.07.01 22:20,4,0
809,10,관람객존잼 극장에서 또 볼수 없는게 까비 ,Ramza(dark****),2019.07.01 21:35,4,0
810,10,관람객좋았음...구성도 탄탄하고 ,러하(reoh****),2019.07.01 21:01,4,0
811,10,관람객너무 재밌어요ㅠㅠㅠㅠ ,ssyy****,2019.07.01 20:22,4,0
812,10,어벤져스 앤드게임 너무 재미있다 ,울둘맘(arib****),2019.07.01 20:09,4,0
813,10,관람객안녕 나의 20대. 안녕 나의 영우들. ,일자진(jswc****),2019.07.01 20:08,4,0
814,10,3000만큼사랑한다 ,이윤호(leeg****),2019.07.01 19:32,4,0
815,10,"관람객재밌었어요 역시 마블,, 아이언맨 죽어서 너무 슬펐네요 ",heej****,2019.07.01 19:13,4,0
816,10,관람객기대만큼 멋있었어요~♥ ,namu****,2019.07.01 18:32,4,0
817,10,관람객10 5졌다 그냥.... ,이채연(znss****),2019.07.01 16:35,4,0
818,10,말이 필요한가 왜 우리나라는 재개봉 안하는거임.. ,LuNa(luna****),2019.07.01 15:46,4,0
819,10,관람객마블은 역시 언제나 진리! ,한글(wlzl****),2019.07.01 15:18,4,0
820,8,캡틴마블보다 낫다 재밌게 봤음 ,황윤선(qwsx****),2019.07.01 14:30,4,0
821,10,"지금까지 쭉 힘들어왔던 토니만큼은 행복하길 바랬는데, 끝까지 마음아프네 ",ScotchTenTen(whgu****),2019.06.30 19:45,4,0
822,10,어벤져스 3000만큼 사랑해 ,손주영(thsw****),2019.06.30 13:53,4,0
823,10,관람객액션영화계의 최고봉. ,윤선희(rlac****),2019.06.30 13:39,4,0
824,9,관람객재미있게 보았어요~^^ ,cjsg****,2019.06.30 09:23,4,0
825,10,관람객기대한 만큼 재밌게 봤습니다 최고 ,GENESIS(e552****),2019.06.30 07:37,4,0
826,10,3000만큼  사랑합니다 ,류경환(gyeo****),2019.06.29 20:13,4,0
827,10,좋아 좋아 좋아 좋아 좋아 ,송호은(ghdm****),2019.06.29 19:19,4,0
828,9,관람객토니 3000만큼 사랑해여 ,앙마빈(bint****),2019.06.29 18:50,4,0
829,10,관람객너무재밌고 또 너무재밌엇다 ,rlar****,2019.06.29 18:05,4,0
830,10,토니스타크의 아이언멘의 첫대사와 마지막을 마무리한 명대사 (I'M IRON MAN)너무멋있다 ,게임페인의 친구(rlag****),2019.06.29 16:57,4,0
831,10,어벤저스의 감동을 있는 그대로 느낄 수 있는 시대에 살았다는 것만으로도 인생의 큰 행복이다. ,카아디(cafe****),2019.06.29 16:35,4,0
832,10,관람객어벤져스 엔드게임 굿 굿 ,AK(ybi1****),2019.06.29 15:57,4,0
833,10,관람객역시 대박! 재밌어요. 아이언맨 멋져요 ,비단쌤(gdhk****),2019.06.29 14:45,4,0
834,10,관람객사랑합니다 마블 그리울거에요 ,atom****,2019.06.29 13:27,4,0
835,10,관람객너무 재밌어요~~~3000만큼사랑해요 ㅋ ,xxcc****,2019.06.29 11:59,4,0
836,10,관람객마블시리즈 러뷰~ 눈물난거 실화 ㅠ ,꽃길만걷자(orrn****),2019.06.29 11:43,4,0
837,10,관람객엔드게임이란 제목에 맞는 훌륭한 엔딩~ ,kier****,2019.06.28 17:48,4,0
838,10,역대급 최고의 영화 후회없는 선택 ,으라차차짜(love****),2019.06.28 15:36,4,0
839,10,관람객슬퍼요.... ㅠㅠ 아이언맨 영원하라~ ,행복(star****),2019.06.28 11:41,4,0
840,9,관람객아주 재밌게 봤습니다. ,hoho****,2019.06.28 05:20,4,0
841,10,3000만큼 사랑합니다 토니스타크♡♡ ,ernest selbon(kgh0****),2019.06.28 00:29,4,0
842,10,최고영화  영화 역사를 바꿀 흥행 클라이멕스!!!! ,amit****,2019.06.27 23:02,4,0
843,10,안녕하세요 어벤져스영화다봐어요어벤져스엔드게임너무재밌어요아이언맨이죽어서너무슬퍼어요ㅠㅠㅠ어벤져스마블좋아해요어벤져스영화열심히볼게요그리고어벤져스마블힘네세요화이팅어벤져스영화가재밌가있어별점다섯게드릴게요그리고옛날에영화관에서옛날어...,안준혁(euey****),2019.06.27 22:50,4,0
844,10,관람객최고의 감동이였다   앞으로도 ,다다오(vndt****),2019.06.27 21:31,4,0
845,10,관람객마블 팬들에게 주는 최고의 선물 ,김철국(kimc****),2019.06.27 21:09,4,0
846,10,관람객세번봤다  별점 게이지가  왜 10뿐인가? ,백에디(pizk****),2019.06.27 10:00,4,0
847,10,영화가 매우 멋이있고 재밌었습니다 ,byki****,2019.06.26 07:39,4,0
848,10,마블이 영화를 일년에 열편 이상씩 만들었으면... ,Rio(nano****),2019.06.26 00:01,4,0
849,10,쫌 늦었지만 다시봐도 재밌었음.. ,천꾹(sims****),2019.06.25 23:49,4,0
850,10,마블 최고2대 아이언맨 ,face****,2019.06.25 23:23,4,0
851,10,관람객늘 볼 만해요  앤드가 아니면 좋겠네요 ,smile(loio****),2019.06.25 21:39,4,0
852,10,very very amazing ,고세현(tpgu****),2019.06.25 16:50,4,0
853,10,관람객그냥 모든게 완벽!하다는 말밖에... ,문정(rkan****),2019.06.25 02:15,4,0
854,10,관람객멋있고 좋은 결말이였다 ㅠㅠ ,외로운(acda****),2019.06.25 01:35,4,0
855,10,관람객고마웠다 재밌었다 어벤져스 ,CcoKko(lgh4****),2019.06.25 00:15,4,0
856,10,로다주 돌아와요~ ㅠㅠ ,에쉬(elys****),2019.06.24 23:50,4,0
857,9,관람객남녀노소 즐길수있다 재밌게봤다잉 ,권다애(free****),2019.06.24 23:22,4,0
858,9,재미있고 잘 만든 결말이지만 씁쓸하고 허탈한 기분이 드는 결말 ,Macadamia(skyt****),2019.06.24 23:21,4,0
859,10,관람객감동이네요~~완벽한 마무리! ,삽질매냐(bloo****),2019.06.24 10:51,4,0
860,10,관람객어벤져스 어셈블!!! ,tall****,2019.06.24 10:41,4,0
861,10,관람객재밌었어요. 페미영화라고 학을 떼는 사람들이 있다던데 도대체 어디? 참고로 난 아저씨. ,Segundo(perc****),2019.06.24 09:44,4,0
862,10,관람객아직도 생생한 전율ㄷㄷ ,moon****,2019.06.24 09:26,4,0
863,10,관람객이걸 내가 어떻게 평가해 어벤져스 어쎔블. ,포도(dmtp****),2019.06.24 04:35,4,0
864,10,관람객토르 아이언맨 캡틴마블 캡틴아메리카 블랙위도우 헐크 ,순식간이야(dmsc****),2019.06.23 22:39,4,0
865,10,아이언맨과 캡틴 아메리카 팬들에게는 최고의 영화로 기억될 것 입니다. ,Hun(hunt****),2019.06.23 21:37,4,0
866,10,내가 본 영화중 최고의 영화!! 마블 3000만큼 사랑해!!감사합니다 스탠리 할아버지 ,모얄FREEZON(zwam****),2019.06.23 14:16,4,0
867,10,관람객대서사시의 완벽한 마무리 ,rptd****,2019.06.23 13:07,4,0
868,9,나쁘지 않게 봤어. 뭐 앞으로 10년동안 이런 영화는 없겠지만 말야 ,worl****,2019.06.23 13:05,4,0
869,9,관람객마블영화 좋아요... ,이현석(rnlh****),2019.06.22 19:53,4,0
870,10,관람객눈물이 장난이 아니에여 ㅜㅜ ,소기조바(leeh****),2019.06.22 19:52,4,0
871,10,아이언맨1편을 시작으로 모든 영화를 다 본사람과 그렇지 않은 사람이 볼 수 있는 시퀸스의 차이가 너무나 크다 다만 띄엄띄엄 봐왔던 사람도 충분히 스토리의 진행을 최소한이나마 이해 할 수 있도록 연출은 훌륭했다. 길었...,CMSeong(yhse****),2019.06.22 08:41,4,0
872,9,"예상밖의 결말은 아니였지만, 그래도 좋았습니다. ㅜㅜ ",lee88(shak****),2019.06.21 15:42,4,0
873,10,"관람객러닝타임이 3시간인데 1시간 같이, 시간가는 줄 모르고 봤어요. ",Roylz(a203****),2019.06.21 14:47,4,0
874,10,관람객너무  신나요   아이들이  좋아하네요 ,4040(na49****),2019.06.21 13:54,4,0
875,10,관람객엔드게임 재미있게  보았네요 ,윤학수(xx22****),2019.06.21 11:09,4,0
876,10,관람객어린시절을 히어로와 함께보낸 아저씨가 박수를 보냅니다. ,ccch****,2019.06.21 10:33,4,0
877,10,관람객재밌어요 믿고보는 마블 ,칠판친놈(mand****),2019.06.21 10:33,4,0
878,10,굳 진짜 개꿀잼 ppap ,얼간쓰(bung****),2019.06.21 08:00,4,0
879,10,오조 오억번 봐도 질리지 않을 영화. ,강은혜(1geh****),2019.06.19 19:59,4,0
880,10,"관람객역시 마블이자나,,,, 너무 좋아요 ",JHJ(hajo****),2019.06.19 19:56,4,0
881,10,관람객너무 재밌어요 스케일 짱 큼 ,wjnddd(wjsq****),2019.06.19 19:52,4,0
882,10,와 진짜 굿 굿 진짜 최고짱  따봉 ,진우찡짱(jinw****),2019.06.19 17:57,4,0
883,10,마블 영화에서 아이언맨과 캡틴아메리카를 못보게 된다는건 조금 아쉽네요 ,푸른하늬(dusw****),2019.06.19 17:34,4,0
884,10,관람객재미 있게 봤습니다. 영화와 함께 늙어 가는 기분이 이상하네요. 그리고 마블 3000만큼 사랑합니다 ,ToraAsa(naru****),2019.06.19 15:41,4,0
885,10,관람객최고다시보고 싶지만 바빠못봄ㅠ ,화팅해보자(reno****),2019.06.19 15:25,4,0
886,10,관람객역시 마블은 재밌죠!! ,이은지(leg1****),2019.06.19 14:33,4,0
887,10,관람객아....너무...잼있었습니다!그리고...마지막이라...아주마니아쉽고..그리울거같습니다..ㅜㅜ ,사람(jhsy****),2019.06.19 07:33,4,0
888,10,3000만큼사랑해! ,유진잉(gkss****),2019.06.19 02:13,4,0
889,10,관람객명불허전 어벤저스시리즈 중 최고작입니다! ,우하하(gtin****),2019.06.18 18:55,4,0
890,10,관람객두번봤습니다 둘다 울었습니다 ,강진철(jin_****),2019.06.18 18:17,4,0
891,10,관객수 1400만 605명 기대했는데...턱끝에서 멈출듯 하네...아깝;; ,nashira(nash****),2019.06.18 18:04,4,0
892,9,관람객어벤져스: 엔드게임 감사합니다 ,gj10****,2019.06.18 17:48,4,0
893,10,관람객3000만큼 ㅠㅠㅠㅠ사랑해ㅠㅠㅠㅠ ,깨굴깨굴(real****),2019.06.18 16:24,4,0
894,10,관람객재밌었습니다 잘봤습ㅇㄴ다ㅏ ,qkr(qkrw****),2019.06.18 12:20,4,0
895,10,관람객아이언맨 뭉클해짐. 재미짐.. ,무사뿡(mmus****),2019.06.18 03:57,4,0
896,10,관람객내생애 최고의 영화 두번보고싶음 ,predigo(zesp****),2019.06.18 01:23,4,0
897,10,누가 봐도 재미있을 영화 하지만 이번영화는 연관된 마블 시리즈를 보고 본사람은 두배더 재미있게 봤을것 이래저래 몸값들때문에 고생을 많이한 영화이지만 마블의 10년을 아이언맨과 로마노프 이둘이 잘 마무리 했다. ,연(noti****),2019.06.18 00:01,4,0
898,10,관람객마블 3000 만큼 사랑합니다 2 ,youg****,2019.06.17 23:54,4,0
899,10,관람객정말 재맸다 인생영화.. ,바나나(rkdr****),2019.06.17 16:51,4,0
900,10,몇마디말로는표현불가능한 완벽한 결말 ,무쵸맨(neo2****),2019.06.17 16:21,4,0
901,10,관람객씹잼디니니니니닌니니니 ,민호네집(bak_****),2019.06.17 16:10,4,0
902,10,역대급... 아직 안봤다면 꼭 보삼 ,현(dhgu****),2019.06.17 16:08,4,0
903,10,관람객마지막이라서 아쉽지만 그동안 영화에 대한 기대감과 설레임을 만들어 준 마블에 감사인사를 하고 싶다. 판타지 액션영화이지만 언제봐도 멋있고 감동이여서 평생기억에 남을겁니다. ,ungiue(xiao****),2019.06.17 15:51,4,0
904,10,관람객엄청 재미있게 봤슴 레알~ ,피렌체(kym2****),2019.06.17 15:46,4,0
905,10,이보다 더 완벽한 시나리오와 스타일을 만들어낼 영화가 있을까? ,제미크리(gemi****),2019.06.17 14:43,4,0
906,10,"거의 끝물에 극장가서 봤는데, 안봤으면 죽을때까지 후회할뻔 했다. ",빈이(bin1****),2019.06.17 03:49,4,0
907,10,후유증이 쉽게 안사라지네 ,navycvf(indi****),2019.06.15 16:54,4,0
908,10,내어린시절부터 함께한 아이언맨의 완벽한퇴장... ,리밥ful(lch1****),2019.06.15 06:23,4,0
909,10,관람객10년의 대장정.. 나의 청춘과 함께 행복했다 ,jmj1****,2019.06.14 21:35,4,0
910,10,관람객역쉬~~~라는게 절로 나오는 영화였어요 ,seon****,2019.06.13 16:01,4,0
911,9,기성세대도 매력을 느끼는 ,엄형(ever****),2019.06.13 15:21,4,0
912,10,"관람객Cap, it's Sam. Can you hear me? On you r left. ",jpudding(j_pu****),2019.06.13 12:10,4,0
913,10,관람객재밌네요. 어벤져스가 늘 그렇듯이. ,XOXO(shin****),2019.06.12 23:20,4,0
914,10,난 아직도 자기전에 포탈씬에서 달려가는 게 생각난다.마블 3000만큼 사랑한다 ,성지홍(buki****),2019.06.12 22:53,4,0
915,10,관람객마블 패밀리와 팬들에게 보내는 아름다운 헌사 ,momo****,2019.06.12 14:56,4,0
916,10,관람객두번봐따... 사랑해 삼천만큼 ,wwekd(adda****),2019.06.12 13:41,4,0
917,10,3회차까지 관람했습니다. 첨에 토니 구출되고 우리들의 자유를 포기하고 지키려고 했던건데 너는 함께지키자고 해놓고 필요할땐 없었다. (대충이랬던거같은데)뭐 이런 대사치면서 캡틴한테 화내는 장면. 로다주 연기력에 감탄....,Blah(scro****),2019.06.12 09:03,4,0
918,10,아임 아이언맨...ㅜㅠ ,피쓰(ilaw****),2019.06.09 10:27,4,0
919,10,관람객역시 어벤져스입니다. ,동화(wjdr****),2019.06.09 09:19,4,0
920,10,"관람객3000사랑해, 나는 아이언맨 ",바람같물이되장작인(tend****),2019.06.09 06:05,4,0
921,10,당신들이 있어서 지난 10여년간 행복했습니다.Thank you. Thor. Thank you. Cap. Thank you. Tony.. ,멋쟁이(kkuk****),2019.06.09 04:56,4,0
922,10,관람객3000만큼사랑합니다. ,rla9****,2019.06.09 02:26,4,0
923,10,내 20대를 함께했다 마블 감사합니다 너무 즐거웠어요 후속도 쭉쭉 기대~~~~ ,iss2****,2019.06.09 02:03,4,0
924,9,관람객두번 보면 두번 울꺼에요 ,숀(huma****),2019.06.09 00:30,4,0
925,9,개연성이나 이야기를 풀어가는게 2프로 아쉽긴 했지만 어벤져스의 마무리를 나름 멋지게 했다고 생각합니당^^ ,이동욱(jung****),2019.06.08 22:34,4,0
926,10,관람객감동의 피날레였어.. ,Robin(robi****),2019.06.07 23:23,4,0
927,10,정말 감동적인 영화 입니다 ,품위있게(deer****),2019.06.07 23:14,4,0
928,10,관람객너무 슬퍼서 대성통곡했어요 ㅠ 너무 재미있었습니다 ,rosebaek(h251****),2019.06.07 22:45,4,0
929,10,토니 이제 쉬어도돼... ,fajijaf(ber3****),2019.06.07 22:14,4,0
930,10,마지막 엔딩 크레딧 원년멤버들 사인나올때 ㅂㄹ떨리면서 울었다 ,Rascal(600g****),2019.06.07 21:57,4,0
931,10,와 대단해요   이런영화는 없었다 ,엘뚜뚜(sjs0****),2019.06.06 20:47,4,0
932,9,관람객너무 재밋엇어요 세상에 블팬나올때 소름 ,최연복(chld****),2019.06.05 14:11,4,0
933,10,끝이란 생각에 자꾸 눈물이 났다.. 이제 모두들 행복하길 ,iridescent(jung****),2019.06.04 22:28,4,0
934,10,관람객어벤져스 엔드게임 와 스케일이 장난아닙니다~~ ,J helen(here****),2019.06.04 11:14,4,0
935,10,아....ㅜㅜ 씨 난 3000보다 더 사랑한다 ,crox****,2019.06.04 11:12,4,0
936,10,관람객다섯번봄.ㅋ. .ㅋ... ,지수현(sooh****),2019.06.04 08:10,4,0
937,10,관람객마블~ 정주행중입니다ㅎ ,훈자씨(venu****),2019.06.03 23:41,4,0
938,10,관람객아이언맨 재미있었습니다 ,이연희(renk****),2019.06.03 23:31,4,0
939,9,"관람객너무 재밌습니다. 근데  이전 마블시리즈를 봐야 더 이해하기가 좋을 것같아요ㅜ ㅇ ㅜ 인피니티워, 가디언즈  다시 봤어요 ㅎ ",루미드(kims****),2019.06.03 22:40,4,0
940,10,I am groot... ,capboy(caps****),2019.06.03 22:30,4,0
941,9,여러가지 시퀀스들의 재접목! 화려하고 깔끔하다. ,백룡세탁(3dyg****),2019.06.03 22:11,4,0
942,9,관람객시리즈의 훌륭한 마지막 ,잇힝(parr****),2019.06.03 20:55,4,0
943,10,관람객완벽한 마무리 좋았어요~ ,유심(youj****),2019.06.03 20:01,4,0
944,10,아이언맨 3000만큼 사랑해ㅠㅠ ,TJ(beam****),2019.06.03 15:46,4,0
945,10,관람객완전 재밌어요 또 볼거에여ㅠ ,은지(mini****),2019.06.03 14:32,4,0
946,10,관람객마블은 사랑입니다.♡ ,미노루(punx****),2019.06.03 13:27,4,0
947,10,관람객너무 재미나게 봤어요~^^ ,사발짱구(babo****),2019.06.03 11:02,4,0
948,10,관람객마블영화는 언제나 재미있다 ,쿠쿠(sinm****),2019.06.03 10:08,4,0
949,10,관람객11년의 기다림을 멋있게 마무리해주는 훌륭한영화 ,love****,2019.06.03 09:56,4,0
950,10,관람객증말 잼있어요 빵빵~~ ,이월이(ahni****),2019.06.03 08:37,4,0
951,10,인생마저도 돌아보게만드는 오락영화같지않은 최고의 오락영화 ,Asimov(dhby****),2019.06.03 08:36,4,0
952,9,관람객10년의 여정을 함께해준 팬들에 대한 헌사와 장엄한 마무리. 다음여정도 믿어본다 ,shhy****,2019.06.03 04:40,4,0
953,10,관람객인피니티사가의 피날레 ,요피(o3o_****),2019.06.03 04:01,4,0
954,10,관람객캡아와 아이언맨을 말그대로 히어로로 만들어줘서 마블이 얼마나 그들을 애정하는지 알 수 있었어요. 다른 캐릭터들도 개성넘치고 멋있습니다. 마블 캐릭터를 생생하게 연기해준 배우들과 제작진들 모두 3000만큼 사랑합니다....,heu0****,2019.06.03 03:53,4,0
955,10,지금까지 내인생 최고의 영화 ,해외축구부장판사(1670****),2019.06.02 20:59,4,0
956,10,I am ironman Avengers assemble!!Proof that Tony has a heartI love you 3000 10년의 시간은 무의미하지 않았습니다... ,장태영(jade****),2019.06.02 12:13,4,0
957,10,관람객3000만큼 사랑해~ ,yaee****,2019.06.02 11:59,4,0
958,10,관람객또 보고싶다는!!! 꾸르잼 ,꽃유댕(lsy8****),2019.06.02 11:06,4,0
959,10,토니에게 따듯한 심장이 있다는 증거.... ,shi(shin****),2019.06.02 09:38,4,0
960,10,관람객이제는 뭐가 나올련지.... ,JM(kjmn****),2019.06.02 07:02,4,0
961,10,밤10시20분 영화였는데 아직도 전석 매진!하..믿기지 않는 스토리 ,사브리나(sabr****),2019.06.02 03:59,4,0
962,10,10년간 쭉 봐온 팬들에 대한 선물. 이렇게 만족스러울순 없다. ,프리이니(free****),2019.06.02 03:41,4,0
963,10,"관람객그립다캡틴 위도우, , ",울락불락(ohja****),2019.06.02 01:27,4,0
964,10,관람객마블 3000만큼 사랑합니다 ,우미(dnal****),2019.05.31 14:04,4,0
965,10,관람객9살 아이도 재밌게 봤어요~ 스파이더맨도 기대됩니다. ^^ ,feateon(feat****),2019.05.31 09:23,4,0
966,10,관람객마블시리즈 몰아보고 가서 더 몰입함 ㅠㅠㅠ ,리얼니쥬(real****),2019.05.31 09:10,4,0
967,10,하..마지막 너무 슬픈듯 ㅠㅠ ,바나나라떼(hydf****),2019.05.31 08:16,4,0
968,10,"손으로 입막고 오열했다,,, ",홍수연(hsy3****),2019.05.30 01:37,4,0
969,10,관람객점옥씨랑 춘녀씨랑 같이 보았읍니다. 엑션 영화는 처음이지만 재미있었던 것 같았네요. ,zz(5p_u****),2019.05.29 22:42,4,0
970,10,재미대가리 없는 아바타 흥행기록좀 제발 깨자 ,그뤠잇터(pssh****),2019.05.29 21:16,4,0
971,10,관람객재밌었어요 인생 까지는 아니지만 ㅋㅋ 나름 즐겁게 봄 ,엠마(deep****),2019.05.29 20:09,4,0
972,10,관람객넘 좋았어요. 최고여요. ,리용(wipp****),2019.05.29 19:50,4,0
973,10,마지막 전투신이 좀 짧아서 아쉬웠지만.. ,KK(bkkg****),2019.05.29 00:36,4,0
974,10,관람객3000만큼 감동이였다 ,안녕하쩨염(zzrl****),2019.05.29 00:00,4,0
975,10,관람객유년시절부터 평생을 함께해온 아이언맨..당신을 3000만큼사랑합니다 ,ㅇㅣㅇ(auro****),2019.05.28 23:37,4,0
976,10,관람객21세기 동시대 최고의 영화 ,김안석(asgg****),2019.05.28 21:14,4,0
977,10,진짜 눈이 호강하네 ㅠ 최고다 ㅠㅠ ,titl****,2019.05.28 03:20,4,0
978,10,관람객3000만큼 사랑해와 치즈버거 감동이다 ,찐원(jinw****),2019.05.27 11:57,4,0
979,10,관람객3번봤는데.. 질리지않더라  어벤져스 어셈블.. 그거 들으려고 4년간 기다렸던 거였구나 .. 어벤져스는 이제 떠났지만 그들의 의지는 다음페이지 히어로들이 계승하고 이어갈것이다.. 3000만큼 사랑했습니다 앞으로는 6...,레슬링의신(zxzx****),2019.05.27 09:51,4,0
980,10,관람객엔드게임 최고 두번 봐도 재밋네요 ^^ ,딴따벨라(kiki****),2019.05.27 09:47,4,0
981,10,관람객믿고보는 마블입니당 최고최고 ,진붕이(semp****),2019.05.27 09:43,4,0
982,10,처음으로 극장에서 3번 본 영화 ,현니(shgu****),2019.05.27 07:10,4,0
983,10,관람객치즈버거 주세요 ... ,산마루(anim****),2019.05.27 03:51,4,0
984,10,자연스럽다! 어벤져스 3.4의 놀라운점은 캐릭터의 능력에 따라 역할분배를 기가막히게 잘한다는점! ,chwn****,2019.05.27 02:55,4,0
985,10,이만큼 많이 운 영화는 처음임... ,곽정원(kjw4****),2019.05.27 02:13,4,0
986,10,"그냥 봐도 재밌지만, 이전 마블 영화들을 다 보고 엔드게임을 보길 추천함. 이전 영화들 내용을 이해하고 있어야 엔드게임이 의도하는 감동을 온전히 느낄 수 있을 것 같다. ",CFP(tkdd****),2019.05.26 23:13,4,0
987,10,관람객최근에 10년 가까이 봐왔던 드라마가 마지막시즌에 막장으로 끝나버려서... 어벤져스는 그러지 않아서 감사합니다 ㅜㅜ ,The Music(wcn0****),2019.05.26 01:35,4,0
988,10,관람객난 아이언맨이다 할때 진짜 눈물주룩ㅜㅜ마블 3000만큼 사랑합니다!!!!어벤져스 어셈블!!!정말 사랑합니다ㅜㅜㅜ ,뚜뚜(did7****),2019.05.26 00:29,4,0
989,10,3000천만큼사랑해~~♡♡ ,여인의 향기(hs76****),2019.05.25 16:03,4,0
990,10,"""자...로키가 어디 있습니까?"" ""죽었잔어"" ""끝인가..?ㅠㅠ"" ",Kang17(imsm****),2019.05.25 07:39,4,0
991,10,말이필요없죠 미국에서또봄 ,송재민(ma88****),2019.05.25 03:47,4,0
992,10,잘가요 아이언맨 그동안 고마웠어요 ,디디헤(dddy****),2019.05.25 03:37,4,0
993,10,관람객혼자가서 봤는데 시간가는 줄 몰랐어요 ,cybe****,2019.05.25 03:25,4,0
994,10,"관람객너무 재밌었어요,,기대이상입니다 ",룽루(wjda****),2019.05.25 03:10,4,0
995,10,어벤져스 최고의 영화입니다! ,tjdw****,2019.05.25 02:28,4,0
996,10,"Thanks, Marvel ",빛나리(ross****),2019.05.25 02:22,4,0
997,10,진짜 강추..너무재밌어요 ,이소연(viui****),2019.05.25 01:40,4,0
998,10,진짜 최고!!  내가sf영화 보면서  울꺼라고는... ,쭈(sprt****),2019.05.25 01:08,4,0
999,10,뒤늦게 덕후됐어요 ㅠㅜㅜ ,권민혜(haey****),2019.05.25 00:15,4,0
